amsmtFclty,appnNtfcDate,cltrFclty,cnvnncFclty,etcFclty,institutionNm,insttCode,insttNm,latitude,lnmadr,longitude,manageNo,mvmFclty,parkAr,parkNm,parkSe,phoneNumber,rdnmadr,referenceDate
조합놀이대 등,1993-10-04,,,,경상북도 경주시청,5050000,경상북도 경주시,36.001734,경상북도 경주시 안강읍 산대리 2404-4,129.1945256,47130-00040,야외운동기구 등,4052,꽃밭어린이공원,어린이공원,054-779-8789,,2025-10-31
조합놀이대 등,1996-07-01,,,,경상북도 경주시청,5050000,경상북도 경주시,35.85245676,경상북도 경주시 건천읍 건천리 177-45,129.1052549,47130-00041,야외운동기구 등,1500,단석어린이공원,어린이공원,054-779-8789,,2025-10-31
조합놀이대 등,1996-07-08,,,,경상북도 경주시청,5050000,경상북도 경주시,35.774167,경상북도 경주시 시래동 1004,129.308641,47130-00042,야외운동기구 등,1500,두림어린이공원,어린이공원,054-779-8789,,2025-10-31
조합놀이대 등,1996-07-08,,,,경상북도 경주시청,5050000,경상북도 경주시,35.84692712,경상북도 경주시 건천읍 건천리 628,129.109081,47130-00043,야외운동기구 등,1500,동심어린이공원,어린이공원,054-779-8789,,2025-10-31
,2002-04-06,,주차장+화장실,,경상북도 경주시청,5050000,경상북도 경주시,35.78708664,경상북도 경주시 진현동 88,129.330037,47130-00044,,95600,불국공원,근린공원,054-779-8789,,2025-10-31
,2003-11-06,,주차장+화장실,,경상북도 경주시청,5050000,경상북도 경주시,35.84539602,경상북도 경주시 충효동 1-3,129.1951202,47130-00045,,30000,흥무공원,근린공원,054-779-8789,,2025-10-31
,2005-12-29,,주차장+화장실,,경상북도 경주시청,5050000,경상북도 경주시,35.84014882,경상북도 경주시 구황동 883-44,129.2384489,47130-00046,,40570,분황사지구공원,근린공원,054-779-8789,,2025-10-31
,2012-08-06,,,,,5180000,경상북도 영덕군,36.40908444,경상북도 영덕군 영덕읍 남석리 18-1,129.3688526,47770-00004,,1910,남석어린이공원,어린이공원,,,2024-11-20
,2015-09-30,,,,,5180000,경상북도 영덕군,36.53056698,경상북도 영덕군 영해면 성내리 산49-3,129.403867,47770-00005,,25767,성내공원,근린공원,,,2024-11-20
,2015-09-30,,,,,5180000,경상북도 영덕군,36.51109257,경상북도 영덕군 축산면 축산리 산25,129.4457725,47770-00006,,22128,축산공원,근린공원,,,2024-11-20
,2015-09-30,,,,,5180000,경상북도 영덕군,36.28567636,경상북도 영덕군 남정면 장사리 295-1,129.371154,47770-00007,,2020,장사2호 어린이공원,어린이공원,,,2024-11-20
,2015-09-30,,,,,5180000,경상북도 영덕군,36.28384241,경상북도 영덕군 남정면 장사리 67-69,129.3739495,47770-00008,,2840,장사1호 어린이공원,어린이공원,,,2024-11-20
,2015-09-30,,,,,5180000,경상북도 영덕군,36.61731127,경상북도 영덕군 병곡면 백석리 298-6,129.4119801,47770-00009,,3247,백석 1공원(백석지구),어린이공원,,,2024-11-20
,2015-09-30,,,,,5180000,경상북도 영덕군,36.60027294,경상북도 영덕군 병곡면 병곡리 34-4,129.414812,47770-00010,,1100,병곡1호 어린이공원,어린이공원,,,2024-11-20
,2015-09-30,,,,,5180000,경상북도 영덕군,36.41205257,경상북도 영덕군 영덕읍 덕곡리 129-13,129.3723374,47770-00011,,1500,덕곡제1어린이공원,어린이공원,,,2024-11-20
,2015-09-30,,,,,5180000,경상북도 영덕군,36.40801857,경상북도 영덕군 영덕읍 우곡리 574,129.3750006,47770-00012,,4052,우곡제1어린이공원,어린이공원,,,2024-11-20
,2015-09-30,,,,,5180000,경상북도 영덕군,36.54667153,경상북도 영덕군 창수면 신기리 63-1,129.3472207,47770-00013,,1944,신기1호 어린이공원,어린이공원,,,2024-11-20
,2015-09-30,,,,,5180000,경상북도 영덕군,36.29021007,경상북도 영덕군 남정면 부흥리 153-3,129.3763777,47770-00014,,293,부흥3호공원,소공원,,,2024-11-20
,2015-09-30,,,,,5180000,경상북도 영덕군,36.29210294,경상북도 영덕군 남정면 부흥리 96-1,129.377301,47770-00015,,2116,부흥2호공원,소공원,,,2024-11-20
,2015-09-30,,,,,5180000,경상북도 영덕군,36.28935653,경상북도 영덕군 남정면 장사리 2-1,129.373762,47770-00016,,2265,부흥1호공원,소공원,,,2024-11-20
,2015-09-30,,,,,5180000,경상북도 영덕군,36.6071138,경상북도 영덕군 병곡면 병곡리 1-3,129.4146093,47770-00017,,800,백석 4공원(백석지구),소공원,,,2024-11-20
,2015-09-30,,,,,5180000,경상북도 영덕군,36.39479541,경상북도 영덕군 강구면 금호리 1402,129.3776173,47770-00018,,2156,소공원1(로하스농공단지),소공원,,,2024-11-20
,2015-09-30,,,,,5180000,경상북도 영덕군,36.61028444,경상북도 영덕군 병곡면 백석리 472-1,129.4135005,47770-00019,,1135,백석 3공원(백석지구),소공원,,,2024-11-20
,2015-09-30,,,,,5180000,경상북도 영덕군,36.61243309,경상북도 영덕군 병곡면 백석리 727-2,129.4125138,47770-00020,,847,백석 2공원(백석지구),소공원,,,2024-11-20
,2015-09-30,,,,,5180000,경상북도 영덕군,36.40877987,경상북도 영덕군 영덕읍 우곡리 525,129.374727,47770-00021,,510,우곡 제1소공원,소공원,,,2024-11-20
,2015-09-30,,,,,5180000,경상북도 영덕군,36.40740718,경상북도 영덕군 영덕읍 우곡리 575,129.3749042,47770-00022,,280,우곡 제2소공원,소공원,,,2024-11-20
,2020-04-13,,,,,5180000,경상북도 영덕군,36.45098626,경상북도 영덕군 영덕읍 매정리 1175,129.4073249,47770-00023,,2470,소공원1(제2농공단지),소공원,,,2024-11-20
,2020-11-27,,,,,5180000,경상북도 영덕군,36.41857593,경상북도 영덕군 영덕읍 창포리 산29,129.4190435,47770-00024,,1045876,산림생태 문화공원,근린공원,,,2024-11-20
,2021-07-22,,,,,5180000,경상북도 영덕군,36.35972637,경상북도 영덕군 강구면 강구리 302,129.3859779,47770-00025,,1730,강구제2소공원,소공원,,,2024-11-20
,2021-07-22,,,,,5180000,경상북도 영덕군,36.35989132,경상북도 영덕군 강구면 강구리 산45,129.3846257,47770-00026,,1499,강구제1소공원,소공원,,,2024-11-20
,1974-06-10,,,,,5180000,경상북도 영덕군,36.54288003,경상북도 영덕군 영해면 괴시리 340,129.4193865,47770-00001,,11434,괴시공원,근린공원,,,2024-11-20
,1999-12-10,,,,,5180000,경상북도 영덕군,36.36298776,경상북도 영덕군 강구면 강구리 산67,129.3899579,47770-00002,,110400,강구공원,근린공원,,,2024-11-20
,1999-12-16,,,,,5180000,경상북도 영덕군,36.41827093,경상북도 영덕군 영덕읍 화개리 산9,129.3694607,47770-00003,,13117,화개공원,근린공원,,,2024-11-20
,2011-06-22,,,,경상북도 울진군청,5250000,경상북도 울진군,37.0655992,경상북도 울진군 죽변면 후정리 1266,129.4057551,47930-00016,생활운동시설,1419,해양바이오농공단지2공원,소공원,054-789-6372,,2023-12-22
,1983-12-12,기념탑,,,경상북도 울진군청,5250000,경상북도 울진군,37.10689235,경상북도 울진군 북면 부구리 산2-2,129.3733463,47930-00017,,24521,흥부만세공원,역사공원,054-789-6372,,2023-12-22
,1973-09-06,청소년수련관+과학체험관,주차장+매점+화장실,어린이집,경상북도 울진군청,5250000,경상북도 울진군,36.99465357,경상북도 울진군 울진읍 연지리 820-6,129.4065593,47930-00001,실내체육관,150440,연지공원,근린공원,054-789-6372,경상북도 울진군 울진읍 연호로 47,2023-12-22
,2017-07-13,,주차장+화장실,망양정,경상북도 울진군청,5250000,경상북도 울진군,36.965299,경상북도 울진군 근남면 산포리 667,129.413854,47930-00002,생활운동시설,28868,망양공원,근린공원,054-789-6372,,2023-12-22
,1977-04-28,유적관+광장,주차장+화장실,,경상북도 울진군청,5250000,경상북도 울진군,36.68078721,경상북도 울진군 후포면 후포리 산141-9,129.4619186,47930-00003,생활운동시설,42363,후포공원,근린공원,054-789-6372,경상북도 울진군 후포면 등기산길 29,2023-12-22
미끄럼틀+시소 등,2001-11-23,,,,경상북도 울진군청,5250000,경상북도 울진군,36.99119225,경상북도 울진군 울진읍 읍내리 384-3,129.3956196,47930-00004,생활운동시설,1600,읍내 4공원,어린이공원,054-789-6372,경상북도 울진군 울진읍 월변2길 56-21,2023-12-22
미끄럼틀+시소 등,1992-05-01,,정자,,경상북도 울진군청,5250000,경상북도 울진군,36.72332823,경상북도 울진군 평해읍 평해리 868-1,129.4400137,47930-00005,생활운동시설,1885,송능공원,어린이공원,054-789-6372,,2023-12-22
미끄럼틀+시소 등,1983-12-12,,,,한수원㈜ 한울원자력본부,5250000,경상북도 울진군,37.11002079,경상북도 울진군 북면 나곡리 184,129.3697186,47930-00006,생활운동시설,6210,나곡제1공원,어린이공원,,경상북도 울진군 북면 울진북로 2149,2023-12-22
미끄럼틀+시소 등,1983-12-12,,,,한수원㈜ 한울원자력본부,5250000,경상북도 울진군,37.11002079,경상북도 울진군 북면 나곡리 202,129.3697186,47930-00007,생활운동시설,3230,나곡제2공원,어린이공원,,경상북도 울진군 북면 울진북로 2149,2023-12-22
종합놀이기구,2015-07-13,,,,경상북도 울진군청,5250000,경상북도 울진군,37.10599525,경상북도 울진군 북면 부구리 산7,129.3677821,47930-00008,생활운동시설,2746,부구제2공원,어린이공원,054-789-6372,,2023-12-22
,1977-07-28,,,,경상북도 울진군청,5250000,경상북도 울진군,37.06088124,경상북도 울진군 죽변면 죽변리 433-4,129.4191561,47930-00009,죽변게이트볼장,1800,중앙공원,어린이공원,054-789-6372,경상북도 울진군 죽변면 죽변7길 22-7,2023-12-22
미끄럼틀+시소 등,1977-07-28,,화장실,,경상북도 울진군청,5250000,경상북도 울진군,37.0662987,경상북도 울진군 죽변면 후정리 40-1,129.4172479,47930-00010,생활운동시설,2700,북부공원,어린이공원,054-789-6372,경상북도 울진군 죽변면 후정2길 20-13,2023-12-22
미끄럼틀+시소 등,1985-08-03,,,,경상북도 울진군청,5250000,경상북도 울진군,36.68439657,경상북도 울진군 후포면 삼율리 530-27,129.4407398,47930-00011,농구장,879,삼율제1어린이공원,어린이공원,054-789-6372,경상북도 울진군 후포면 상밤터1길 40,2023-12-22
,2010-10-01,,,,경상북도 울진군청,5250000,경상북도 울진군,36.73275811,경상북도 울진군 평해읍 평해리 1467,129.4393249,47930-00012,생활운동시설,2000,평해1소공원,소공원,054-789-6372,,2023-12-22
미끄럼틀+시소 등,2009-04-09,,,,경상북도 울진군청,5250000,경상북도 울진군,37.06388754,경상북도 울진군 죽변면 후정리 1209,129.4128835,47930-00013,생활운동시설,1012,신울진공원,소공원,054-789-6372,,2023-12-22
,2014-04-24,,,,경상북도 울진군청,5250000,경상북도 울진군,36.75401437,경상북도 울진군 기성면 구산리 312-140,129.4674293,47930-00014,생활운동시설,1636,구산소공원,소공원,054-789-6372,,2023-12-22
,2011-06-22,,,,경상북도 울진군청,5250000,경상북도 울진군,37.06622732,경상북도 울진군 죽변면 후정리 1259,129.4054826,47930-00015,생활운동시설,1185,해양바이오농공단지1공원,소공원,054-789-6372,,2023-12-22
조합놀이대 등,2009-02-27,,,,경상북도 경주시청,5050000,경상북도 경주시,35.883463,경상북도 경주시 황성동 1164,129.2197148,47130-00047,야외운동기구 등,2392,현진어린이공원,어린이공원,054-779-8789,,2025-10-31
,2009-08-17,,주차장+화장실,,경상북도 경주시청,5050000,경상북도 경주시,35.840791,경상북도 경주시 구황동 2-4,129.2473168,47130-00048,야외운동기구 등,27343,신라왕경숲공원,문화공원,054-779-8789,,2025-10-31
,2010-12-23,,주차장+화장실,,경상북도 경주시청 환경과,5050000,경상북도 경주시,35.757105,경상북도 경주시 산내면 외칠리 14-15,129.0410778,47130-00049,,18520,외칠공원,수변공원,,,2025-10-31
,2010-12-30,,,,경상북도 경주시청,5050000,경상북도 경주시,35.84357428,경상북도 경주시 구황동 883-14,129.229269,47130-00050,,930,화랑공원,소공원,054-779-8789,,2025-10-31
,2010-12-30,,,,경상북도 경주시청,5050000,경상북도 경주시,35.871815,경상북도 경주시 황성동 1073-6,129.2148807,47130-00051,,2390,황성2공원,소공원,054-779-8789,,2025-10-31
,2010-12-30,,,,경상북도 경주시청,5050000,경상북도 경주시,35.872593,경상북도 경주시 황성동 1074-3,129.2138095,47130-00052,,3420,황성1공원,소공원,054-779-8789,,2025-10-31
조합놀이대 등,2006-03-16,,,,경상북도 경주시청,5050000,경상북도 경주시,35.8837543,경상북도 경주시 황성동 1241,129.2229952,47130-00053,야외운동기구 등,2294,1호어린이공원,어린이공원,054-779-8789,,2025-10-31
조합놀이대 등,2006-03-16,,,,경상북도 경주시청,5050000,경상북도 경주시,35.88189002,경상북도 경주시 용강동 1504,129.2263997,47130-00054,야외운동기구 등,1809,2호어린이공원,어린이공원,054-779-8789,,2025-10-31
조합놀이대 등,2006-03-16,,,,경상북도 경주시청,5050000,경상북도 경주시,35.8825826,경상북도 경주시 용강동 1672,129.230054,47130-00055,야외운동기구 등,2020,3호어린이공원,어린이공원,054-779-8789,,2025-10-31
,2006-03-16,,화장실,,경상북도 경주시청,5050000,경상북도 경주시,35.8857335,경상북도 경주시 용강동 1610,129.2268798,47130-00056,야외운동기구 등,10428,근린공원(용황휴포레),근린공원,054-779-8789,,2025-10-31
,1996-07-01,,,,경상북도 경주시청,5050000,경상북도 경주시,35.675639,경상북도 경주시 외동읍 모화리 1852,129.332312,47130-00057,야외운동기구 등,10470,계동공원,근린공원,054-779-8789,,2025-10-31
,1987-08-29,,,,경상북도 경주시청,5050000,경상북도 경주시,35.861339,경상북도 경주시 용강동 1333-1,129.224613,47130-00014,,2745,용강고분공원,어린이공원,054-779-8789,,2025-10-31
조합놀이대 등,1987-08-29,,,,경상북도 경주시청,5050000,경상북도 경주시,35.860675,경상북도 경주시 용강동 1342-1,129.225871,47130-00015,야외운동기구 등,1500,소금강어린이공원,어린이공원,054-779-8789,,2025-10-31
조합놀이대 등,1987-08-29,,,,경상북도 경주시청,5050000,경상북도 경주시,35.861483,경상북도 경주시 용강동 1350,129.222049,47130-00016,야외운동기구 등,2300,대신어린이공원,어린이공원,054-779-8789,,2025-10-31
조합놀이대 등,1987-08-29,,,,경상북도 경주시청,5050000,경상북도 경주시,35.85133755,경상북도 경주시 동천동 875-1,129.2293943,47130-00017,야외운동기구 등,2250,탈해어린이공원,어린이공원,054-779-8789,,2025-10-31
조합놀이대 등,1987-08-29,,,,경상북도 경주시청,5050000,경상북도 경주시,35.8498132,경상북도 경주시 동천동 909,129.2297176,47130-00018,야외운동기구 등,2675,월성어린이공원,어린이공원,054-779-8789,,2025-10-31
조합놀이대 등,1987-08-29,,,,경상북도 경주시청,5050000,경상북도 경주시,35.8473858,경상북도 경주시 동천동 916,129.2299065,47130-00019,야외운동기구 등,1960,금강어린이공원,어린이공원,054-779-8789,,2025-10-31
조합놀이대 등,1987-08-29,,,,경상북도 경주시청,5050000,경상북도 경주시,35.84588436,경상북도 경주시 동천동 940,129.235519,47130-00020,야외운동기구 등,3495,동원어린이공원,어린이공원,054-779-8789,,2025-10-31
조합놀이대 등,1987-08-29,,,,경상북도 경주시청,5050000,경상북도 경주시,35.845591,경상북도 경주시 동천동 951,129.233293,47130-00021,야외운동기구 등,1300,경동어린이공원,어린이공원,054-779-8789,,2025-10-31
조합놀이대 등,1987-08-29,,,,경상북도 경주시청,5050000,경상북도 경주시,35.864243,경상북도 경주시 현곡면 금장리 640-4,129.201618,47130-00022,야외운동기구 등,1500,안현어린이공원,어린이공원,054-779-8789,,2025-10-31
조합놀이대 등,1987-08-29,,,,경상북도 경주시청,5050000,경상북도 경주시,35.871652,경상북도 경주시 현곡면 금장리 384-38,129.202739,47130-00023,야외운동기구 등,1500,금장어린이공원,어린이공원,054-779-8789,,2025-10-31
조합놀이대 등,1987-08-29,,,,경상북도 경주시청,5050000,경상북도 경주시,35.8641579,경상북도 경주시 황성동 477-5,129.215224,47130-00024,야외운동기구 등,1941,황성어린이공원,어린이공원,054-779-8789,,2025-10-31
조합놀이대 등,1989-12-29,,,,경상북도 경주시청,5050000,경상북도 경주시,35.845827,경상북도 경주시 충효동 2934,129.176353,47130-00025,야외운동기구 등,2260,원당어린이공원,어린이공원,054-779-8789,,2025-10-31
조합놀이대 등,1989-12-29,,,,경상북도 경주시청,5050000,경상북도 경주시,35.845132,경상북도 경주시 충효동 2955,129.180885,47130-00026,야외운동기구 등,1590,중앙어린이공원,어린이공원,054-779-8789,,2025-10-31
조합놀이대 등,1989-12-29,,,,경상북도 경주시청,5050000,경상북도 경주시,35.844376,경상북도 경주시 충효동 2968-2,129.184052,47130-00027,야외운동기구 등,2120,충효어린이공원,어린이공원,054-779-8789,,2025-10-31
조합놀이대 등,1989-12-29,,,,경상북도 경주시청,5050000,경상북도 경주시,35.84291348,경상북도 경주시 충효동 2999,129.187289,47130-00028,야외운동기구 등,2402,현대어린이공원,어린이공원,054-779-8789,,2025-10-31
조합놀이대 등,1989-12-29,,,,경상북도 경주시청,5050000,경상북도 경주시,35.841031,경상북도 경주시 충효동 3018,129.189542,47130-00029,야외운동기구 등,1690,송화어린이공원,어린이공원,054-779-8789,,2025-10-31
,1990-03-06,,주차장+화장실,,(주)한국수력원자력,5050000,경상북도 경주시,35.70434323,경상북도 경주시 양남면 나아리 958,129.4673456,47130-00030,,138070,나아공원,근린공원,,,2025-10-31
조합놀이대 등,1990-05-30,,,,경상북도 경주시청,5050000,경상북도 경주시,35.88029086,경상북도 경주시 용강동 1282,129.231165,47130-00031,야외운동기구 등,4522,용강어린이공원,어린이공원,054-779-8789,,2025-10-31
조합놀이대 등,1990-05-30,,,,경상북도 경주시청,5050000,경상북도 경주시,35.87488057,경상북도 경주시 용강동 1292-1,129.2291158,47130-00032,야외운동기구 등,2486,승삼어린이공원,어린이공원,054-779-8789,,2025-10-31
,1990-09-17,,주차장+화장실,,경상북도 경주시청 체육진흥과,5050000,경상북도 경주시,35.87794574,경상북도 경주시 황성동 1070,129.2205548,47130-00033,,16033,형산강체육공원,체육공원,,,2025-10-31
조합놀이대 등,1993-08-10,,,,경상북도 경주시청,5050000,경상북도 경주시,35.7722968,경상북도 경주시 시래동 1012,129.304814,47130-00034,야외운동기구 등,2134,시래어린이공원,어린이공원,054-779-8789,,2025-10-31
조합놀이대 등,1993-08-10,,,,경상북도 경주시청,5050000,경상북도 경주시,35.771983,경상북도 경주시 시래동 1083,129.310281,47130-00035,야외운동기구 등,2200,구매어린이공원,어린이공원,054-779-8789,,2025-10-31
조합놀이대 등,1993-08-10,,,,경상북도 경주시청,5050000,경상북도 경주시,35.7701618,경상북도 경주시 시래동 1107,129.308068,47130-00036,야외운동기구 등,2073,영불어린이공원,어린이공원,054-779-8789,,2025-10-31
조합놀이대 등,1993-10-04,,,,경상북도 경주시청,5050000,경상북도 경주시,36.0042856,경상북도 경주시 안강읍 산대리 2379-2,129.195667,47130-00037,야외운동기구 등,1585,새싹어린이공원,어린이공원,054-779-8789,,2025-10-31
조합놀이대 등,1993-10-04,,,,경상북도 경주시청,5050000,경상북도 경주시,36.003868,경상북도 경주시 안강읍 산대리 2382-5,129.1987282,47130-00038,야외운동기구 등,1593,나무어린이공원,어린이공원,054-779-8789,,2025-10-31
조합놀이대 등,1993-10-04,,,,경상북도 경주시청,5050000,경상북도 경주시,36.00135002,경상북도 경주시 안강읍 산대리 2399-2,129.1973804,47130-00039,야외운동기구 등,1898,열매어린이공원,어린이공원,054-779-8789,,2025-10-31
조합놀이대 등,1962-01-26,,,,경상북도 경주시청,5050000,경상북도 경주시,35.842019,경상북도 경주시 노서동 129-20,129.206267,47130-00001,야외운동기구 등,926,노서 어린이공원,어린이공원,054-779-8789,경상북도 경주시 원효로 50,2025-10-31
,1972-05-08,,,,경상북도 경주시청,5050000,경상북도 경주시,35.78475067,경상북도 경주시 진현동 651-11,129.3264839,47130-00002,야외운동기구 등,4250,불국소공원,어린이공원,054-779-8789,,2025-10-31
,1974-06-13,,주차장+화장실,,경상북도 경주시청,5050000,경상북도 경주시,35.85766728,경상북도 경주시 황성동 산1-1,129.2131344,47130-00003,시민운동장+씨름장+축구장+궁도장,577770,황성공원,근린공원,054-779-8772,경상북도 경주시 알천북로 115,2025-10-31
,2024-05-16,,,,경상북도 경주시청,5050000,경상북도 경주시,35.862265,경상북도 경주시 황성동 962번지 ,129.208599,47130-00003,실내체육관,300596,황성문화공원,문화공원,054-779-8788,,2025-10-31
조합놀이대 등,1978-04-27,,,,경상북도 경주시청,5050000,경상북도 경주시,35.85435909,경상북도 경주시 성건동626-16,129.208446,47130-00004,야외운동기구 등,1719,금성어린이공원,어린이공원,054-779-8789,,2025-10-31
조합놀이대 등,1978-04-27,,,,경상북도 경주시청,5050000,경상북도 경주시,35.853381,경상북도 경주시 성건동639,129.213822,47130-00005,야외운동기구 등,1298,동문어린이공원,어린이공원,054-779-8789,,2025-10-31
조합놀이대 등,1981-04-11,,,,경상북도 경주시청,5050000,경상북도 경주시,35.85438377,경상북도 경주시 동천동808-3,129.226335,47130-00006,야외운동기구 등,1650,보우 어린이공원,어린이공원,054-779-8789,,2025-10-31
조합놀이대 등,1982-04-20,,,,경상북도 경주시청,5050000,경상북도 경주시,35.8509109,경상북도 경주시 성건동716,129.206071,47130-00007,야외운동기구 등,1953,성건어린이공원,어린이공원,054-779-8789,,2025-10-31
조합놀이대 등,1982-04-20,,,,경상북도 경주시청,5050000,경상북도 경주시,35.854143,경상북도 경주시 동천동798,129.2226219,47130-00008,야외운동기구 등,3371,대안어린이공원,어린이공원,054-779-8789,,2025-10-31
조합놀이대 등,1982-04-20,,,,경상북도 경주시청,5050000,경상북도 경주시,35.85719402,경상북도 경주시 동천동770-3,129.224728,47130-00009,야외운동기구 등,3549,양정어린이공원,어린이공원,054-779-8789,,2025-10-31
조합놀이대 등,1982-10-23,,,,경상북도 경주시청,5050000,경상북도 경주시,35.853713,경상북도 경주시 성건동692,129.204216,47130-00010,야외운동기구 등,1907,한빛어린이공원,어린이공원,054-779-8789,,2025-10-31
조합놀이대 등,1986-11-03,,,,경상북도 경주시청,5050000,경상북도 경주시,35.988881,경상북도 경주시 안강읍 산대리 1956-10,129.2175641,47130-00011,야외운동기구 등,1500,칠평어린이공원,어린이공원,054-779-8789,,2025-10-31
조합놀이대 등,1987-08-29,,,,경상북도 경주시청,5050000,경상북도 경주시,35.867166,경상북도 경주시 황성동 280-1,129.218557,47130-00012,야외운동기구 등,1700,용황어린이공원,어린이공원,054-779-8789,,2025-10-31
조합놀이대 등,1987-08-29,,,,경상북도 경주시청,5050000,경상북도 경주시,35.863961,경상북도 경주시 용강동 1318-1,129.224096,47130-00013,야외운동기구 등,1600,토용 어린이공원,어린이공원,054-779-8789,,2025-10-31
조합놀이대,1988-08-20,,정자+파고라+등의자+ 평의자,,경상북도 포항시 공원과,5020000,경상북도 포항시,36.066287,경상북도 포항시 북구 장성동 1354-1,129.380269,47113-00035,운동기구,1990.1,장성럭키,어린이공원,054-270-5735,,2026-05-12
조합놀이대,1987-04-03,,정자+파고라+등의자+ 평의자,,경상북도 포항시 공원과,5020000,경상북도 포항시,36.078563,경상북도 포항시 북구 장성동 1551-9,129.383308,47113-00036,,1604.1,장성경성,어린이공원,054-270-5735,,2026-05-12
,1987-04-03,,파고라+평의자,,경상북도 포항시 공원과,5020000,경상북도 포항시,36.084684,경상북도 포항시 북구 장성동 1512-1,129.383965,47113-00037,,1542.3,장성서당,어린이공원,054-270-5735,,2026-05-12
,1987-04-03,,파고라+등의자+ 평의자,,경상북도 포항시 공원과,5020000,경상북도 포항시,36.083635,경상북도 포항시 북구 장성동 1400-2,129.390442,47113-00038,운동기구,1994.4,장성장량로,어린이공원,054-270-5735,,2026-05-12
,1987-04-03,,정자+파고라+등의자+ 평의자,,경상북도 포항시 공원과,5020000,경상북도 포항시,36.083194,경상북도 포항시 북구 장성동 1410-12,129.394135,47113-00039,운동기구,1600.5,장성현대,어린이공원,054-270-5735,,2026-05-12
조합놀이대+그네+시소,1997-02-26,,정자+파고라+등의자+ 평의자,,경상북도 포항시 공원과,5020000,경상북도 포항시,36.005333,경상북도 포항시 남구 효자동 604,129.341648,47111-00092,운동기구,2450,효자 웰빙,어린이공원,054-270-5735,,2026-05-12
조합놀이대+흔들놀이,1995-08-01,,파고라+등의자+ 평의자,,경상북도 포항시 공원과,5020000,경상북도 포항시,36.067420,경상북도 포항시 북구 두호동 1097-1,129.372495,47113-00001,,2750,두호성실,어린이공원,054-270-5735,,2026-05-12
,1995-08-01,,파고라+등의자+ 평의자,,경상북도 포항시 공원과,5020000,경상북도 포항시,36.065335,경상북도 포항시 북구 두호동 1101-1,129.374492,47113-00002,운동기구,1838.5,두호아이파크,어린이공원,054-270-5735,경상북도 포항시 북구 대곡로 22,2026-05-12
조합놀이대,1995-08-01,,정자+등의자+ 평의자,,경상북도 포항시 공원과,5020000,경상북도 포항시,36.062892,경상북도 포항시 북구 두호동 1105-3,129.375459,47113-00003,운동기구,1950.1,두호창펄리,어린이공원,054-270-5735,,2026-05-12
조합놀이대,1980-08-04,,등의자+평의자,,경상북도 포항시 공원과,5020000,경상북도 포항시,36.060832,경상북도 포항시 북구 두호동 1023-6,129.374063,47113-00004,운동기구,1963.8,두호용두산,어린이공원,054-270-5735,경상북도 포항시 북구 두호로52번길 16,2026-05-12
조합놀이대+시소+흔들놀이,1987-04-03,,파고라+평의자+등의자,,경상북도 포항시 공원과,5020000,경상북도 포항시,36.064556,경상북도 포항시 북구 두호동 1084-2,129.381182,47113-00005,운동기구,1900,두호희망봉,어린이공원,054-270-5735,,2026-05-12
조합놀이대,1988-08-20,,등의자+ 평의자,,경상북도 포항시 공원과,5020000,경상북도 포항시,36.068898,경상북도 포항시 북구 두호동 1073,129.382769,47113-00006,운동기구,2082.4,두호관주당,어린이공원,054-270-5735,,2026-05-12
조합놀이대,1988-08-20,,정자+등의자+ 평의자,,경상북도 포항시 공원과,5020000,경상북도 포항시,36.067396,경상북도 포항시 북구 두호동 1080-1,129.381730,47113-00007,운동기구,2534.8,두호갓뒷골,어린이공원,054-270-5735,,2026-05-12
,2019-11-15,,평의자+ 등의자,,경상북도 포항시 공원과,5020000,경상북도 포항시,36.060968,경상북도 포항시 북구 두호동 1022-6,129.372199,47113-00008,,770,두호sk소공원,소공원,054-270-5735,,2026-05-12
조합놀이대,2025-06-10,,,,경상북도 포항시 공원과,5020000,경상북도 포항시,36.0328065,경상북도 포항시 북구 득량동 산 19-44,129.3416764,47113-00009,운동기구,1517,삼구트리니엔시그니처1호,소공원,054-270-5735,,2026-05-12
조합놀이대,2025-06-10,,,,경상북도 포항시 공원과,5020000,경상북도 포항시,36.033263,경상북도 포항시 북구 득량동 산 19-40,129.3411665,47113-00010,운동기구,1925,삼구트리니엔시그니처2호,소공원,054-270-5735,,2026-05-12
조합놀이대,1994-06-07,,파고라+등의자,,경상북도 포항시 공원과,5020000,경상북도 포항시,36.031246,경상북도 포항시 북구 득량동 303-9,129.343419,47113-00011,운동기구,2370.4,득량꿈별,어린이공원,054-270-5735,,2026-05-12
조합놀이대+그네,1987-04-03,,파고라+평의자,,경상북도 포항시 공원과,5020000,경상북도 포항시,36.028888,경상북도 포항시 북구 용흥동 145-26,129.357293,47113-00012,운동기구,629,용흥용당,어린이공원,054-270-5735,경상북도 포항시 북구 중흥로267번길 42,2026-05-12
조합놀이대+흔들놀이,1995-06-02,,파고라+평의자,,경상북도 포항시 공원과,5020000,경상북도 포항시,36.055653,경상북도 포항시 북구 우현동 538-1,129.357375,47113-00013,배드민턴장+운동기구,1415.9,우현서,어린이공원,054-270-5735,,2026-05-12
어린이놀이시설,1995-06-12,,평의자,,경상북도 포항시 공원과,5020000,경상북도 포항시,36.053361,경상북도 포항시 북구 우현동 543,129.360009,47113-00014,운동기구,1571,우현어울,어린이공원,054-270-5735,,2026-05-12
조합놀이대,1991-09-07,,정자+등의자+ 평의자,,경상북도 포항시 공원과,5020000,경상북도 포항시,36.067645,경상북도 포항시 북구 창포동 645-3,129.368771,47113-00015,운동기구,2779.8,창포초,어린이공원,054-270-5735,,2026-05-12
조합놀이대+미끄럼틀+링놀이터+바구니그네+트렘플린,1997-02-26,,파고라+등의자+ 평의자,,경상북도 포항시 공원과,5020000,경상북도 포항시,36.006783,경상북도 포항시 남구 효자동 582,129.342109,47111-00090,운동기구,3350,효자 전희,어린이공원,054-270-5735,,2026-05-12
조합놀이대+그네,1997-02-26,,정자+등의자,,경상북도 포항시 공원과,5020000,경상북도 포항시,36.005416,경상북도 포항시 남구 효자동 592,129.335732,47111-00091,운동기구,2500,효자 가람,어린이공원,054-270-5735,,2026-05-12
조합놀이대,1999-05-13,,정자+음수대+ 평의자,,경상북도 포항시 공원과,5020000,경상북도 포항시,36.033341,경상북도 포항시 남구 지곡동 965-1,129.313441,47111-00088,인라인장+운동기구,3019.6,지곡스틸,어린이공원,054-270-5735,,2026-05-12
조합놀이대+그네+짚라인+네트놀이대,1998-02-04,,정자+파고라+등의자+ 평의자,,경상북도 포항시 공원과,5020000,경상북도 포항시,36.082812,경상북도 포항시 북구 양덕동 1814,129.403884,47113-00053,운동기구,2275,양덕풍림,어린이공원,054-270-5735,,2026-05-12
,1998-02-04,,등의자,,경상북도 포항시 공원과,5020000,경상북도 포항시,36.084206,경상북도 포항시 북구 양덕동 2028,129.407992,47113-00054,,2275,양덕양덕중,어린이공원,054-270-5735,,2026-05-12
,1998-02-04,,파고라+등의자+ 평의자,,경상북도 포항시 공원과,5020000,경상북도 포항시,36.080534,경상북도 포항시 북구 양덕동 2119,129.408306,47113-00055,운동기구,2505,양덕한마음,어린이공원,054-270-5735,,2026-05-12
조합놀이대+흔들놀이,2004-12-11,,파고라+등의자+ 평의자,,경상북도 포항시 공원과,5020000,경상북도 포항시,36.091205,경상북도 포항시 북구 양덕동 336-4,129.384235,47113-00056,운동기구,3667.1,양덕 사랑골,어린이공원,054-270-5735,,2026-05-12
조합놀이대+그네+흔들놀이,2004-12-11,,파고라+등의자+ 평의자,,경상북도 포항시 공원과,5020000,경상북도 포항시,36.089894,경상북도 포항시 북구 양덕동 467-2,129.384924,47113-00057,,1749.9,양덕 북시골,어린이공원,054-270-5735,,2026-05-12
조합놀이대+흔들놀이,2004-12-11,,파고라+등의자+ 평의자,,경상북도 포항시 공원과,5020000,경상북도 포항시,36.088864,경상북도 포항시 북구 양덕동 680-3,129.389502,47113-00058,베드민턴장+운동기구,1514,양덕 연오랑,어린이공원,054-270-5735,,2026-05-12
조합놀이대+흔들놀이,2004-12-11,,파고라+등의자+ 평의자,,경상북도 포항시 공원과,5020000,경상북도 포항시,36.087622,경상북도 포항시 북구 양덕동 778-1,129.390967,47113-00059,운동기구,1520,양덕 세오녀,어린이공원,054-270-5735,,2026-05-12
조합놀이대+흔들놀이,2004-12-11,,파고라+등의자+ 평의자,,경상북도 포항시 공원과,5020000,경상북도 포항시,36.090472,경상북도 포항시 북구 양덕동 651-2,129.391707,47113-00060,운동기구,1750,양덕 불미골,어린이공원,054-270-5735,,2026-05-12
조합놀이대,2004-12-11,,파고라+등의자+ 평의자,,경상북도 포항시 공원과,5020000,경상북도 포항시,36.090153,경상북도 포항시 북구 양덕동 654-2,129.394132,47113-00061,운동기구,1750,양덕 성곡,어린이공원,054-270-5735,,2026-05-12
조합놀이대,2004-12-11,,파고라+등의자+ 평의자,,경상북도 포항시 공원과,5020000,경상북도 포항시,36.088175,경상북도 포항시 북구 양덕동 786-2,129.394575,47113-00062,운동기구,1749.8,양덕 갈매기,어린이공원,054-270-5735,,2026-05-12
,2014-10-06,,정자+등의자,,경상북도 포항시 공원과,5020000,경상북도 포항시,36.08499128,경상북도 포항시 북구 장성동 1624-2,129.375374,47113-00063,,1286,장성침촌지구1소공원,소공원,054-270-5735,,2026-05-12
조합놀이대+흔들놀이+미끄럼틀,1991-09-07,,정자+파고라+등의자+ 평의자,,경상북도 포항시 공원과,5020000,경상북도 포항시,36.067161,경상북도 포항시 북구 창포동 645-6,129.370882,47113-00016,운동기구,3089.9,창포제비,어린이공원,054-270-5735,,2026-05-12
조합놀이대,1991-09-07,,파고라+등의자,,경상북도 포항시 공원과,5020000,경상북도 포항시,36.065874,경상북도 포항시 북구 창포동 645-10,129.369916,47113-00017,족구장+운동기구,2037.8,창포주공중앙,어린이공원,054-270-5735,,2026-05-12
조합놀이대+시소+흔들놀이,1991-09-07,,파고라+등의자,,경상북도 포항시 공원과,5020000,경상북도 포항시,36.066912,경상북도 포항시 북구 창포동 645,129.370731,47113-00018,운동기구,1640,창포하나,어린이공원,054-270-5735,경상북도 포항시 북구 새천년대로1075번길 10,2026-05-12
조합놀이대+그네+시소+흔들놀이,2008-04-21,,파고라+평의자,,경상북도 포항시 공원과,5020000,경상북도 포항시,36.064816,경상북도 포항시 북구 창포동 659,129.368029,47113-00019,운동기구,3500,창포 두호초,어린이공원,054-270-5735,,2026-05-12
조합놀이대+그네+시소+흔들놀이,2008-04-21,,파고라+등의자+ 평의자,,경상북도 포항시 공원과,5020000,경상북도 포항시,36.069080,경상북도 포항시 북구 창포동 658,129.367713,47113-00020,운동기구,2544,창포 메트로,어린이공원,054-270-5735,,2026-05-12
조합놀이대+시소+흔들놀이,1980-08-04,,파고라+평의자,,경상북도 포항시 공원과,5020000,경상북도 포항시,36.062205,경상북도 포항시 북구 창포동 622,129.366698,47113-00021,운동기구,1880.5,창포장흥,어린이공원,054-270-5735,,2026-05-12
조합놀이대,2022-09-21,,파고라+평의자,,경상북도 포항시 공원과,5020000,경상북도 포항시,36.055884,경상북도 포항시 북구 우현동 628,129.361882,47113-00022,,2882.7,우현2,어린이공원,054-270-5735,,2026-05-12
조합놀이대,2022-09-21,,파고라+평의자,,경상북도 포항시 공원과,5020000,경상북도 포항시,36.05790203,경상북도 포항시 북구 우현동 577,129.3661578,47113-00023,운동기구,5241.5,우현6,어린이공원,054-270-5735,,2026-05-12
조합놀이대+풋살장,2022-09-21,,파고라+평의자,,경상북도 포항시 공원과,5020000,경상북도 포항시,36.061754,경상북도 포항시 북구 창포동 677,129.3672111,47113-00024,,2772.4,창포11,어린이공원,054-270-5735,,2026-05-12
,2019-01-09,,평의자+ 등의자,,경상북도 포항시 공원과,5020000,경상북도 포항시,36.050955,경상북도 포항시 북구 우현동 553,129.359621,47113-00025,,1156,우방아이유쉘소공원,소공원,054-270-5735,,2026-05-12
,2018-03-02,,등의자+ 평의자,,경상북도 포항시 공원과,5020000,경상북도 포항시,36.063891,경상북도 포항시 북구 창포동 660,129.367684,47113-00026,,793,창포메트로시티,소공원,054-270-5735,,2026-05-12
,1987-02-07,,화장실,,경상북도 포항시 공원과,5020000,경상북도 포항시,36.086839,경상북도 포항시 북구 장성동 1371-1,129.386812,47113-00027,유소년축구장,13196,장량근린,근린공원,054-270-5735,경상북도 포항시 북구 법원로 136,2026-05-12
조합놀이대+그네+시소+흔들놀이,1987-02-07,,주차장+화장실,,경상북도 포항시 공원과,5020000,경상북도 포항시,36.080796,경상북도 포항시 북구 장성동 1531-1,129.380828,47113-00028,족구장+운동기구,13872,장성근린,근린공원,054-270-5735,,2026-05-12
,1993-01-19,,화장실+음수대+자전거보관소,,경상북도 포항시 공원과,5020000,경상북도 포항시,36.081053,경상북도 포항시 북구 양덕동 1850,129.404205,47113-00029,농구장+게이트볼장+풋살장+족구장+테니스장,21200,양덕30근린(양덕체육),근린공원,054-270-5735,경상북도 포항시 북구 양덕로30번길 20,2026-05-12
조합놀이대,2004-12-11,,등의자+ 평의자,,경상북도 포항시 공원과,5020000,경상북도 포항시,36.091778,경상북도 포항시 북구 양덕동 334-1,129.381030,47113-00030,배드민턴장+운동기구,27692,햇살공원(장량1근린),근린공원,054-270-5735,,2026-05-12
조합놀이대,2004-12-11,,,분수대,경상북도 포항시 공원과,5020000,경상북도 포항시,36.091079,경상북도 포항시 북구 양덕동 655-1,129.396687,47113-00031,배드민턴장+운동기구,23913,물빛공원(장량2근린),근린공원,054-270-5735,경상북도 포항시 북구 천마로 161,2026-05-12
X-게임장+물놀이터,2023-04-05,,파고라+등의자+화장실,,경상북도 포항시 공원과,5020000,경상북도 포항시,36.08502081,경상북도 포항시 북구 장성동 1625,129.377267,47113-00032,운동기구,10039,장성침촌지구,근린공원,054-270-5735,,2026-05-12
,1991-09-07,,파고라+등의자,,경상북도 포항시 공원과,5020000,경상북도 포항시,36.070791,경상북도 포항시 북구 장성동 1345,129.370562,47113-00033,운동기구,1986.7,장성성당,어린이공원,054-270-5735,,2026-05-12
,1988-08-20,,정자+파고라+등의자+ 평의자,,경상북도 포항시 공원과,5020000,경상북도 포항시,36.069719,경상북도 포항시 북구 장성동 1365-1,129.378522,47113-00034,운동기구,1934,장성신제지,어린이공원,054-270-5735,경상북도 포항시 북구 삼흥로 79-20,2026-05-12
조합놀이대,2016-05-02,,파고라,,경상북도 포항시 공원과,5020000,경상북도 포항시,36.058121,경상북도 포항시 북구 흥해읍 대련리 1367,129.3123388,47113-00083,농구장+스케이트보드장+운동기구,13182,융합9호 근린공원,근린공원,054-270-5735,,2026-05-12
조합놀이대,2016-05-02,,파고라+평의자,,경상북도 포항시 공원과,5020000,경상북도 포항시,36.05651854,경상북도 포항시 북구 흥해읍 대련리 1376,129.3097418,47113-00084,,17232,융합10호 근린공원,근린공원,054-270-5735,,2026-05-12
조합놀이대,1983-12-29,,파고라+등의자+평의자,,경상북도 포항시 공원과,5020000,경상북도 포항시,36.106342,경상북도 포항시 북구 흥해읍 남성리 327,129.345816,47113-00085,운동기구,1500,흥해남산,어린이공원,054-270-5735,,2026-05-12
,2016-05-02,,엘리베이터,,경상북도 포항시 공원과,5020000,경상북도 포항시,36.05867345,경상북도 포항시 북구 흥해읍 대련리 1365,129.312633,47113-00113,,7130,융합6,수변공원,054-270-5735,,2026-05-12
,2014-10-06,,등의자,,경상북도 포항시 공원과,5020000,경상북도 포항시,36.083128,경상북도 포항시 북구 장성동 1635-6,129.377583,47113-00064,,1232,장성침촌지구2소공원,소공원,054-270-5735,,2026-05-12
,2014-10-06,,먼지떨이기+파고라+주차장+막구조파고라,맨발길,경상북도 포항시 공원과,5020000,경상북도 포항시,36.08809997,경상북도 포항시 북구 장성동 1617-2,129.3724745,47113-00065,운동기구+풋살장,10957,장성침촌지구체육공원,체육공원,054-270-5735,,2026-05-12
조합놀이대,1980-01-12,,정자+파고라+등의자+ 평의자,,경상북도 포항시 공원과,5020000,경상북도 포항시,36.015546,경상북도 포항시 북구 죽도동 713,129.350419,47113-00066,운동기구,1828,죽도세명,어린이공원,054-270-5735,,2026-05-12
조합놀이대+그네+시소,1987-04-03,,정자+파고라+등의자+ 평의자,,경상북도 포항시 공원과,5020000,경상북도 포항시,36.029631,경상북도 포항시 북구 죽도동 195-6,129.359511,47113-00067,운동기구,2017,죽도서부,어린이공원,054-270-5735,경상북도 포항시 북구 죽도로28번길 66-10,2026-05-12
,1987-04-03,,정자+파고라+평의자,,경상북도 포항시 공원과,5020000,경상북도 포항시,36.027493,경상북도 포항시 북구 죽도동 105,129.362099,47113-00068,운동기구,1094,죽도죽파,어린이공원,054-270-5735,경상북도 포항시 북구 중흥로 280,2026-05-12
조합놀이대,1987-04-03,,정자+파고라+등의자+ 평의자,,경상북도 포항시 공원과,5020000,경상북도 포항시,36.026627,경상북도 포항시 북구 죽도동 601-6,129.357187,47113-00069,운동기구,1653.6,죽도토끼,어린이공원,054-270-5735,,2026-05-12
조합놀이대,1987-04-03,,파고라+등의자+ 평의자,,경상북도 포항시 공원과,5020000,경상북도 포항시,36.017096,경상북도 포항시 북구 죽도동 673-1,129.354862,47113-00070,운동기구,1653.6,죽도중섬,어린이공원,054-270-5735,,2026-05-12
조합놀이대,1987-04-03,,정자+파고라+등의자,,경상북도 포항시 공원과,5020000,경상북도 포항시,36.020313,경상북도 포항시 북구 죽도동 663-10,129.350412,47113-00071,운동기구,1341.3,죽도칠성,어린이공원,054-270-5735,,2026-05-12
조합놀이대,1987-04-03,,정자+등의자,,경상북도 포항시 공원과,5020000,경상북도 포항시,36.022597,경상북도 포항시 북구 죽도동 626-10,129.356464,47113-00072,운동기구,1766,죽도오광장,어린이공원,054-270-5735,,2026-05-12
조합놀이대+정글짐,1980-08-04,,정자+파고라+등의자+ 평의자,,경상북도 포항시 공원과,5020000,경상북도 포항시,36.056928,경상북도 포항시 북구 항구동 344-6,129.375233,47113-00073,운동기구,1722.1,항구영일대,어린이공원,054-270-5735,,2026-05-12
어린이놀이시설,2025-11-30,동물원+야외무대,화장실,,경상북도 포항시 공원과,5020000,경상북도 포항시,36.066471,경상북도 포항시 북구 환호동 산56-1,129.390252,47113-00074,농구장+ 족구장+ 운동기구,1369668,환호공원,근린공원,054-270-5735,,2026-05-12
,1987-02-12,,파고라+등의자,,경상북도 포항시 공원과,5020000,경상북도 포항시,36.073532,경상북도 포항시 북구 환호동 490,129.398356,47113-00075,운동기구,2440.5,환호숲속,어린이공원,054-270-5735,,2026-05-12
조합놀이대,1987-02-12,,파고라+등의자,,경상북도 포항시 공원과,5020000,경상북도 포항시,36.071745,경상북도 포항시 북구 환호동 495-1,129.398257,47113-00076,운동기구,1805.6,환호신촌,어린이공원,054-270-5735,경상북도 포항시 북구 삼호로501번길 15,2026-05-12
조합놀이대+구름사다리,1987-02-12,,파고라+등의자+ 평의자,,경상북도 포항시 공원과,5020000,경상북도 포항시,36.069182,경상북도 포항시 북구 환호동 514,129.399512,47113-00077,운동기구,1573.8,환호해맞이,어린이공원,054-270-5735,,2026-05-12
,1987-04-03,,등의자+평의자,,경상북도 포항시 공원과,5020000,경상북도 포항시,36.078089,경상북도 포항시 북구 장성동 1436-1,129.394663,47113-00040,배구장,1890.8,장성장흥초,어린이공원,054-270-5735,,2026-05-12
,1987-04-03,,파고라+등의자+ 평의자,,경상북도 포항시 공원과,5020000,경상북도 포항시,36.073814,경상북도 포항시 북구 장성동 1444-7,129.389559,47113-00041,,1920,장성해맞이,어린이공원,054-270-5735,,2026-05-12
조합놀이대+시소,1987-04-03,,정자+등의자,,경상북도 포항시 공원과,5020000,경상북도 포항시,36.076326,경상북도 포항시 북구 장성동 1566-8,129.384252,47113-00042,운동기구,1767.1,장성준양,어린이공원,054-270-5735,,2026-05-12
조합놀이대+시소+흔들놀이,1989-08-19,,파고라+평의자,,경상북도 포항시 공원과,5020000,경상북도 포항시,36.087161,경상북도 포항시 북구 장성동 1501-1,129.383343,47113-00043,운동기구,1539.7,장성삼도,어린이공원,054-270-5735,,2026-05-12
조합놀이대+그네+시소+흔들놀이,1989-08-19,,파고라+등의자+ 평의자,,경상북도 포항시 공원과,5020000,경상북도 포항시,36.083759,경상북도 포항시 북구 장성동 1518-2,129.381307,47113-00044,운동기구,1534.9,장성장량성당,어린이공원,054-270-5735,,2026-05-12
그네+시소,1989-08-19,,파고라+등의자+ 평의자,,경상북도 포항시 공원과,5020000,경상북도 포항시,36.080108,경상북도 포항시 북구 장성동 1588-7,129.379056,47113-00045,,1540.2,장성침촌,어린이공원,054-270-5735,,2026-05-12
,1989-08-19,,파고라+등의자+ 평의자,,경상북도 포항시 공원과,5020000,경상북도 포항시,36.079704,경상북도 포항시 북구 장성동 1540-8,129.383623,47113-00046,운동기구,1538.6,장성드림,어린이공원,054-270-5735,,2026-05-12
,1989-08-19,,파고라+등의자+ 평의자,,경상북도 포항시 공원과,5020000,경상북도 포항시,36.076997,경상북도 포항시 북구 장성동 1570-1,129.381419,47113-00047,,1518.2,장성두산,어린이공원,054-270-5735,,2026-05-12
,1989-08-19,,등의자,,경상북도 포항시 공원과,5020000,경상북도 포항시,36.086064,경상북도 포항시 북구 장성동 1390-1,129.389675,47113-00048,,1900.1,장성법원로,어린이공원,054-270-5735,,2026-05-12
조합놀이대+흔들놀이,1995-06-23,,정자+등의자,,경상북도 포항시 공원과,5020000,경상북도 포항시,36.076698,경상북도 포항시 북구 장성동 1460-1,129.387067,47113-00049,운동기구,1900.1,장성낙천대,어린이공원,054-270-5735,,2026-05-12
조합놀이대+시소+흔들놀이,1995-06-23,,파고라+등의자+ 평의자,,경상북도 포항시 공원과,5020000,경상북도 포항시,36.080381,경상북도 포항시 북구 장성동 1422-7,129.395247,47113-00050,운동기구,1995.9,장성천마로,어린이공원,054-270-5735,,2026-05-12
조합놀이대,1998-02-04,,파고라+등의자+ 평의자,,경상북도 포항시 공원과,5020000,경상북도 포항시,36.085731,경상북도 포항시 북구 양덕동 1196,129.393266,47113-00051,운동기구,2900,양덕서초,어린이공원,054-270-5735,,2026-05-12
조합놀이대,1998-02-04,,파고라+등의자+ 평의자,,경상북도 포항시 공원과,5020000,경상북도 포항시,36.079323,경상북도 포항시 북구 양덕동 1533,129.398582,47113-00052,,2505,양덕남로,어린이공원,054-270-5735,,2026-05-12
조합놀이대,1992-09-02,,파고라+평의자,,경상북도 포항시 공원과,5020000,경상북도 포항시,36.029059,경상북도 포항시 남구 지곡동 642-1,129.317709,47111-00086,운동기구,1594,지곡그린빌라,어린이공원,054-270-5735,,2026-05-12
조합놀이대+흔들놀이,1992-09-02,,화장실+ 음수대+정자+등의자,,경상북도 포항시 공원과,5020000,경상북도 포항시,36.031001,경상북도 포항시 남구 지곡동 471-1,129.323056,47111-00087,,2412.6,지곡중앙,어린이공원,054-270-5735,,2026-05-12
조합놀이대,1993-12-03,,정자+등의자+ 평의자,,경상북도 포항시 공원과,5020000,경상북도 포항시,35.949642,경상북도 포항시 남구 오천읍 문덕리 1188-488,129.408872,47111-00058,운동기구,1583,오천천마,어린이공원,054-270-5735,,2026-05-12
조합놀이대,2005-02-17,,파고라+평의자,,경상북도 포항시 공원과,5020000,경상북도 포항시,35.974012,경상북도 포항시 남구 오천읍 원리 1135,129.403451,47111-00059,,4282,오천원동,어린이공원,054-270-5735,,2026-05-12
조합놀이대,1997-10-17,,평의자,,경상북도 포항시 공원과,5020000,경상북도 포항시,35.972447,경상북도 포항시 남구 오천읍 원리 1328,129.405541,47111-00060,운동기구,3887,오천충무,어린이공원,054-270-5735,,2026-05-12
조합놀이대+시소+흔들놀이,1997-10-17,,파고라+평의자,,경상북도 포항시 공원과,5020000,경상북도 포항시,35.968823,경상북도 포항시 남구 오천읍 원리 919,129.406353,47111-00061,,3033,오천일월,어린이공원,054-270-5735,,2026-05-12
조합놀이대+흔들놀이,1997-10-17,,파고라+등의자+평의자,,경상북도 포항시 공원과,5020000,경상북도 포항시,35.969608,경상북도 포항시 남구 오천읍 원리 903-4,129.408562,47111-00062,,3033,오천냉천,어린이공원,054-270-5735,,2026-05-12
조합놀이대,1997-10-17,,파고라+평의자,,경상북도 포항시 공원과,5020000,경상북도 포항시,35.966864,경상북도 포항시 남구 오천읍 원리 944,129.406617,47111-00063,운동기구,3033,오천갯목,어린이공원,054-270-5735,,2026-05-12
조합놀이대,1997-10-17,,평의자+등의자,,경상북도 포항시 공원과,5020000,경상북도 포항시,35.965719,경상북도 포항시 남구 오천읍 원리 987,129.408228,47111-00064,,2891,오천복지,어린이공원,054-270-5735,,2026-05-12
어린이놀이시설,2001-10-30,,등의자+평의자,,경상북도 포항시 공원과,5020000,경상북도 포항시,35.981742,경상북도 포항시 남구 오천읍 원리565-1,129.400711,47111-00065,,1500,원동 땅공원,어린이공원,054-270-5735,,2026-05-12
어린이놀이시설,2015-09-22,,파고라+ 사각정자,,경상북도 포항시 공원과,5020000,경상북도 포항시,35.972116,경상북도 포항시 남구 오천읍 용덕리 303-11,129.416528,47111-00066,,1400,용덕1,어린이공원,054-270-5735,,2026-05-12
조합놀이대,2024-07-02,,파고라+등의자+평의자+먼지떨이기,맨발길,경상북도 포항시 공원과,5020000,경상북도 포항시,35.954205,경상북도 포항시 남구 오천읍 문덕리 1364,129.4088495,47111-00067,,5048,용산97,어린이공원,054-270-5735,,2026-05-12
,2024-08-07,,파고라+등의자,,경상북도 포항시 공원과,5020000,경상북도 포항시,35.94762868,경상북도 포항시 남구 오천읍 용산리 372,129.4086084,47111-00068,,2046,용산99,어린이공원,054-270-5735,,2026-05-12
,2001-10-30,,등의자,,경상북도 포항시 공원과,5020000,경상북도 포항시,35.979557,경상북도 포항시 남구 오천읍 원리 518,129.400937,47111-00069,,1500,원동 역사공원,역사공원,054-270-5735,,2026-05-12
,2022-10-26,연못,정자+파고라+등의자+ 평의자+화장실,,경상북도 포항시 공원과,5020000,경상북도 포항시,35.96572643,경상북도 포항시 남구 오천읍 세계리 130,129.4289467,47111-00070,,23330,일월문화공원,문화공원,054-270-5735,,2026-05-12
,2019-11-11,야외무대,정자+파고라,,경상북도 포항시 공원과,5020000,경상북도 포항시,35.9945671,경상북도 포항시 남구 일월동 679-47,129.4155807,47111-00071,운동기구,1898,청포도 문학공원,문화공원,054-270-5735,,2026-05-12
어린이놀이시설,2001-10-30,,등의자+평의자,,경상북도 포항시 공원과,5020000,경상북도 포항시,35.984801,경상북도 포항시 남구 인덕동 349,129.399601,47111-00072,,3987,원동 바다공원,어린이공원,054-270-5735,,2026-05-12
조합놀이대+그네+시소,1988-08-20,,정자+파고라+등의자+평의자,,경상북도 포항시 공원과,5020000,경상북도 포항시,35.991228,경상북도 포항시 남구 청림동 1179-15,129.404821,47111-00073,운동기구,1500.2,청림찬내,어린이공원,054-270-5735,,2026-05-12
조합놀이대,1993-07-26,,정자+등의자+ 평의자,,경상북도 포항시 공원과,5020000,경상북도 포항시,35.993923,경상북도 포항시 남구 일월동 679-277,129.420439,47111-00074,운동기구,2390,청림일월,어린이공원,054-270-5735,경상북도 포항시 남구 청림동길 56,2026-05-12
,2019-11-11,,,,경상북도 포항시 공원과,5020000,경상북도 포항시,35.996405,경상북도 포항시 남구 청림동 3-248,129.412522,47111-00075,운동기구,371,청림몰개월,소공원,054-270-5735,,2026-05-12
그네+시소,1987-02-07,,화장실,,경상북도 포항시 공원과,5020000,경상북도 포항시,36.010521,경상북도 포항시 남구 해도동 202-1,129.368432,47111-00076,게이트볼장+운동기구,84400,해도근린,근린공원,054-270-5735,,2026-05-12
조합놀이대,1987-04-03,,정자+파고라+등의자+ 평의자,,경상북도 포항시 공원과,5020000,경상북도 포항시,36.026828,경상북도 포항시 남구 해도동 42-2,129.369454,47111-00077,운동기구,2707.4,해도무지개,어린이공원,054-270-5735,경상북도 포항시 남구 중앙로146번길 15,2026-05-12
,2017-05-30,,파고라+평의자+등의자,맨발길,경상북도 포항시 공원과,5020000,경상북도 포항시,36.022144,경상북도 포항시 남구 해도동 29-5,129.375197,47111-00078,운동기구,1183.1,해도장수2,어린이공원,054-270-5735,,2026-05-12
조합놀이대+회전틀,1987-04-03,,정자+등의자+평의자,,경상북도 포항시 공원과,5020000,경상북도 포항시,36.016509,경상북도 포항시 남구 해도동 104-1,129.368588,47111-00079,운동기구,1164,해도형산,어린이공원,054-270-5735,경상북도 포항시 남구 문예로126번길 15,2026-05-12
조합놀이대+시소,1997-02-26,,파고라+등의자+ 평의자,,경상북도 포항시 공원과,5020000,경상북도 포항시,36.007402,경상북도 포항시 남구 효자동 573,129.337405,47111-00089,멀티코트장+운동기구,3600,효자,어린이공원,054-270-5735,,2026-05-12
,2006-06-15,,평의자+ 등의자,,경상북도 포항시 공원과,5020000,경상북도 포항시,36.092049,경상북도 포항시 북구 흥해읍 죽천리 702-1,129.415424,47113-00078,운동기구,56783,영일만일반산업단지,근린공원,054-270-5735,,2026-05-12
,2008-05-15,,등의자+ 평의자+ 화장실,인공폭포+자전거 보관대,경상북도 포항시 공원과,5020000,경상북도 포항시,36.094011,경상북도 포항시 북구 흥해읍 초곡리 1493,129.336888,47113-00079,농구장+배드민턴장+운동기구,31465,초곡근린공원,근린공원,054-270-5735,,2026-05-12
,2008-05-15,,평의자+ 파고라,,경상북도 포항시 공원과,5020000,경상북도 포항시,36.099004,경상북도 포항시 북구 흥해읍 초곡리 1756,129.331683,47113-00080,운동기구,13986,초곡1근린공원,근린공원,054-270-5735,,2026-05-12
,2021-03-09,,음수대+평의자+ 등의자,,경상북도 포항시 공원과,5020000,경상북도 포항시,36.109837,경상북도 포항시 북구 흥해읍 옥성리 129-6,129.343666,47113-00081,운동기구,20000,중앙공원(향교),근린공원,054-270-5735,,2026-05-12
,2016-05-02,,파고라+정자,,경상북도 포항시 공원과,5020000,경상북도 포항시,36.05789733,경상북도 포항시 북구 흥해읍 대련리 1380,129.314433,47113-00082,,10918,융합8호 근린공원,근린공원,054-270-5735,,2026-05-12
조합놀이대,1980-01-12,,정자+등의자+ 평의자,,경상북도 포항시 공원과,5020000,경상북도 포항시,36.011273,경상북도 포항시 남구 상도동 645,129.352631,47111-00034,운동기구,1830,상도뱃머리,어린이공원,054-270-5735,경상북도 포항시 남구 상도로 22,2026-05-12
조합놀이대,1978-10-19,,정자+파고라+등의자+ 평의자,,경상북도 포항시 공원과,5020000,경상북도 포항시,36.016775,경상북도 포항시 남구 상도동 18-63,129.357694,47111-00035,운동기구,4180,상도섬안,어린이공원,054-270-5735,경상북도 포항시 남구 중흥로162번길 32-3,2026-05-12
조합놀이대,1978-10-19,,정자+등의자,,경상북도 포항시 공원과,5020000,경상북도 포항시,36.015415,경상북도 포항시 남구 상도동 18-168,129.359215,47111-00036,운동기구,1526,상도,어린이공원,054-270-5735,경상북도 포항시 남구 상공로 84,2026-05-12
조합놀이대+시소+흔들놀이,2008-06-02,,정자+파고라+등의자+ 평의자,,경상북도 포항시 공원과,5020000,경상북도 포항시,36.009539,경상북도 포항시 남구 상도동 676,129.346933,47111-00037,,2844.1,상도코아루,어린이공원,054-270-5735,,2026-05-12
조합놀이대+시소+흔들놀이,1987-04-03,,파고라+등의자+ 평의자,,경상북도 포항시 공원과,5020000,경상북도 포항시,36.035696,경상북도 포항시 남구 송도동 413-16,129.372414,47111-00038,운동기구,991,송도솔바람,어린이공원,054-270-5735,,2026-05-12
조합놀이대+그네,1987-04-03,,파고라+등의자+ 평의자,,경상북도 포항시 공원과,5020000,경상북도 포항시,36.032071,경상북도 포항시 남구 송도동 448-1,129.373705,47111-00039,운동기구,989.4,송도바닷바람,어린이공원,054-270-5735,,2026-05-12
조합놀이대+시소,1987-04-03,,정자+파고라+등의자+ 평의자,,경상북도 포항시 공원과,5020000,경상북도 포항시,36.026575,경상북도 포항시 남구 송도동 508-1,129.377916,47111-00040,운동기구,1944,송도강바람,어린이공원,054-270-5735,경상북도 포항시 남구 희망대로 1065,2026-05-12
조합놀이대,1987-02-07,,자전거 보관소,,경상북도 포항시 공원과,5020000,경상북도 포항시,35.995910,경상북도 포항시 남구 연일읍 동문리 9-2,129.351055,47111-00041,족구장+운동기구,19600,연일근린,근린공원,054-270-5735,,2026-05-12
,1994-12-03,,파고라+등의자+ 평의자,,경상북도 포항시 공원과,5020000,경상북도 포항시,36.004523,경상북도 포항시 남구 연일읍 유강리 601,129.313939,47111-00042,운동기구,3213.9,연일용잠,어린이공원,054-270-5735,,2026-05-12
조합놀이대,1994-12-03,,파고라+등의자+ 평의자,,경상북도 포항시 공원과,5020000,경상북도 포항시,36.004814,경상북도 포항시 남구 연일읍 유강리 601-2,129.316837,47111-00043,게이트볼장+운동기구,3009.9,연일노적봉,어린이공원,054-270-5735,,2026-05-12
,1994-12-03,,등의자+ 평의자+ 화장실,,경상북도 포항시 공원과,5020000,경상북도 포항시,36.004339,경상북도 포항시 남구 연일읍 유강리 601-5,129.320048,47111-00044,농구장+운동기구,2578.6,연일버드마,어린이공원,054-270-5735,,2026-05-12
,1994-12-03,,,,경상북도 포항시 공원과,5020000,경상북도 포항시,36.003962,경상북도 포항시 남구 연일읍 유강리 601-4,129.319132,47111-00045,유소년축구장,2050.3,연일풋살,어린이공원,054-270-5735,,2026-05-12
그네,1987-02-07,,화장실+음수대+정자+파고라+등의자+평의자,,경상북도 포항시 공원과,5020000,경상북도 포항시,35.956087,경상북도 포항시 남구 오천읍 문덕리 383-1,129.400884,47111-00046,테니스장+족구장+게이트볼장+운동기구,14000,문덕근린,근린공원,054-270-5735,,2026-05-12
조합놀이대,1989-08-11,데크무대,화장실+자전거 보관소,,경상북도 포항시 공원과,5020000,경상북도 포항시,35.965607,경상북도 포항시 남구 오천읍 원리 979,129.402366,47111-00047,농구장+운동기구,10100,원동11근린,근린공원,054-270-5735,,2026-05-12
조합놀이대,1997-09-13,,화장실,,경상북도 포항시 공원과,5020000,경상북도 포항시,35.972317,경상북도 포항시 남구 오천읍 원리 1429,129.408939,47111-00048,게이트볼장+운동기구,11031,원동7근린,근린공원,054-270-5735,,2026-05-12
조합놀이대+그네+시소+흔들놀이,2001-10-30,,등의자+ 평의자+ 화장실+자전거 보관소,,경상북도 포항시 공원과,5020000,경상북도 포항시,35.979274,경상북도 포항시 남구 오천읍 원리 28-2,129.405173,47111-00049,운동기구,10500,원동1근린,근린공원,054-270-5735,,2026-05-12
조합놀이대,1989-08-19,,정자+파고라+등의자+ 평의자,,경상북도 포항시 공원과,5020000,경상북도 포항시,35.961903,경상북도 포항시 남구 오천읍 문덕리 219-5,129.401607,47111-00050,운동기구,1701.9,오천문덕,어린이공원,054-270-5735,,2026-05-12
,1989-08-19,,정자+등의자+ 평의자,,경상북도 포항시 공원과,5020000,경상북도 포항시,35.958675,경상북도 포항시 남구 오천읍 문덕리 338-1,129.401049,47111-00051,운동기구,1600.2,오천해병,어린이공원,054-270-5735,경상북도 포항시 남구 오천읍 문덕로44번길 13-2,2026-05-12
,1989-08-19,,정자+등의자+ 평의자,,경상북도 포항시 공원과,5020000,경상북도 포항시,35.956161,경상북도 포항시 남구 오천읍 문덕리 404-5,129.404842,47111-00052,운동기구,1599.7,오천오어사,어린이공원,054-270-5735,,2026-05-12
,1989-08-19,,정자+등의자+ 평의자,,경상북도 포항시 공원과,5020000,경상북도 포항시,35.958617,경상북도 포항시 남구 오천읍 문덕리 357-1,129.404365,47111-00053,운동기구,1599.8,오천원효,어린이공원,054-270-5735,,2026-05-12
조합놀이대,1989-08-19,,정자+등의자+ 평의자,,경상북도 포항시 공원과,5020000,경상북도 포항시,35.959933,경상북도 포항시 남구 오천읍 문덕리 319-6,129.404414,47111-00054,운동기구,1599.6,오천해송,어린이공원,054-270-5735,,2026-05-12
,1987-04-03,,정자+등의자+ 평의자,,경상북도 포항시 공원과,5020000,경상북도 포항시,35.961287,경상북도 포항시 남구 오천읍 문덕리 298-1,129.405965,47111-00055,운동기구,1599.9,오천장미,어린이공원,054-270-5735,,2026-05-12
,1987-04-03,,파고라+등의자+ 평의자,,경상북도 포항시 공원과,5020000,경상북도 포항시,35.963087,경상북도 포항시 남구 오천읍 문덕리 256-4,129.406698,47111-00056,운동기구,1600.6,오천갈매기,어린이공원,054-270-5735,,2026-05-12
그네+시소+흔들놀이,1987-04-03,,파고라+평의자,,경상북도 포항시 공원과,5020000,경상북도 포항시,35.964059,경상북도 포항시 남구 오천읍 문덕리 197-1,129.404031,47111-00057,운동기구,1599.6,오천포은,어린이공원,054-270-5735,,2026-05-12
어린이놀이시설,1987-04-03,,정자+ 평의자,,경상북도 포항시 공원과,5020000,경상북도 포항시,36.022688,경상북도 포항시 남구 해도동 30-2,129.375031,47111-00080,,3480,해도장수1,어린이공원,054-270-5735,경상북도 포항시 남구 희망대로1003번길 26-1,2026-05-12
조합놀이대,2017-05-30,,등의자+ 평의자,,경상북도 포항시 공원과,5020000,경상북도 포항시,36.022110,경상북도 포항시 남구 해도동 29-5,129.375171,47111-00081,운동기구,954,해도운하소공원,소공원,054-270-5735,,2026-05-12
,2000-06-27,,화장실+음수대+먼지떨이+주차장+자전거 보관소,,경상북도 포항시 공원과,5020000,경상북도 포항시,36.033003,경상북도 포항시 남구 지곡동 470,129.321149,47111-00082,농구장+게이트볼장+족구장+인라인장+테니스장+운동기구,13947,지곡라근린공원(체육공원),근린공원,054-270-5735,,2026-05-12
,1993-03-16,,등의자+ 평의자,,경상북도 포항시 공원과,5020000,경상북도 포항시,36.026208,경상북도 포항시 남구 지곡동 485,129.324439,47111-00083,,13720,지곡마근린공원,근린공원,054-270-5735,,2026-05-12
,1992-08-27,,평의자,,경상북도 포항시 공원과,5020000,경상북도 포항시,36.027679,경상북도 포항시 남구 지곡동 653-1,129.321846,47111-00084,운동기구,53396,지곡근린공원,근린공원,054-270-5735,,2026-05-12
조합놀이대,1992-09-02,,등의자,,경상북도 포항시 공원과,5020000,경상북도 포항시,36.033112,경상북도 포항시 남구 지곡동 470-1,129.320351,47111-00085,,2800.2,지곡체육,어린이공원,054-270-5735,,2026-05-12
조합놀이대,1994-04-22,,파고라,,경상북도 포항시 공원과,5020000,경상북도 포항시,35.973249,경상북도 포항시 남구 구룡포읍 하정리 65,129.549459,47111-00004,,3694,구룡포당사포,어린이공원,054-270-5735,,2026-05-12
짚라인,2023-03-08,,파고라+평의자,,경상북도 포항시 공원과,5020000,경상북도 포항시,35.9987030876,경상북도 포항시 남구 구룡포읍 구룡포리 1011,129.564234,47111-00005,운동기구,1580,해상,어린이공원,054-270-5735,,2026-05-12
조합놀이대,2023-03-08,,파고라+평의자,,경상북도 포항시 공원과,5020000,경상북도 포항시,35.9968177862,경상북도 포항시 남구 구룡포읍 구룡포리 1085,129.562664,47111-00006,운동기구,2415,해돋이,어린이공원,054-270-5735,,2026-05-12
짚라인,2023-06-14,,파고라+평의자,,경상북도 포항시 공원과,5020000,경상북도 포항시,35.993747,경상북도 포항시 남구 구룡포읍 구룡포리 1388,129.558550,47111-00007,운동기구,2230.2,해넘이,어린이공원,054-270-5735,,2026-05-12
짚라인,2023-06-14,,파고라+평의자,,경상북도 포항시 공원과,5020000,경상북도 포항시,35.994178,경상북도 포항시 남구 구룡포읍 구룡포리 1280,129.563587,47111-00008,운동기구,2286.3,해뜨는,어린이공원,054-270-5735,,2026-05-12
,1973-07-02,,화장실+음수대,,경상북도 포항시 공원과,5020000,경상북도 포항시,35.964103,경상북도 포항시 남구 대송면 옥명리 524,129.381334,47111-00009,풋살장,241437,대각근린,근린공원,054-270-5735,,2026-05-12
,2002-01-24,,화장실+음수대,,경상북도 포항시 공원과,5020000,경상북도 포항시,35.957075,경상북도 포항시 남구 대송면 옥명리 582-2,129.388444,47111-00010,농구장+풋살장+족구장+운동기구,14492,공단1근린,근린공원,054-270-5735,,2026-05-12
놀이시설,2002-01-24,,평의자,,경상북도 포항시 공원과,5020000,경상북도 포항시,35.949892,경상북도 포항시 남구 대송면 옥명리 584-1,129.382995,47111-00011,배구장,129094,공단근린,근린공원,054-270-5735,,2026-05-12
,2002-02-15,,파고라,,경상북도 포항시 공원과,5020000,경상북도 포항시,36.020079,경상북도 포항시 남구 대잠동 1001-1,129.343859,47111-00012,,2037,대잠1,어린이공원,054-270-5735,,2026-05-12
조합놀이대+흔들놀이,1993-12-03,,파고라+등의자+평의자,,경상북도 포항시 공원과,5020000,경상북도 포항시,36.015269,경상북도 포항시 남구 대잠동 979,129.341719,47111-00013,운동기구,1500,대잠희망,어린이공원,054-270-5735,,2026-05-12
조합놀이대,1993-12-03,,파고라+등의자+ 평의자,,경상북도 포항시 공원과,5020000,경상북도 포항시,36.016649,경상북도 포항시 남구 대잠동 973-2,129.342051,47111-00014,운동기구,2836.1,대잠소망,어린이공원,054-270-5735,,2026-05-12
조합놀이대+그네+시소,2003-09-29,,평의자,,경상북도 포항시 공원과,5020000,경상북도 포항시,36.014201,경상북도 포항시 남구 대잠동 668-32,129.337695,47111-00015,운동기구,523,대잠행복,어린이공원,054-270-5735,,2026-05-12
조합놀이대+시소,2003-09-29,,평의자,,경상북도 포항시 공원과,5020000,경상북도 포항시,36.012768,경상북도 포항시 남구 대잠동 160-53,129.339312,47111-00016,운동기구,825,대잠포스코,어린이공원,054-270-5735,,2026-05-12
그네+시소+흔들놀이,2003-09-29,,등의자+평의자,,경상북도 포항시 공원과,5020000,경상북도 포항시,36.011971,경상북도 포항시 남구 대잠동 780-201,129.335738,47111-00017,운동기구,402,대잠화목,어린이공원,054-270-5735,,2026-05-12
조합놀이대+미끄럼틀,1994-06-07,,파고라+평의자+등의자,,경상북도 포항시 공원과,5020000,경상북도 포항시,36.029667,경상북도 포항시 남구 이동 650,129.337668,47111-00018,운동기구,4417,이동사랑,어린이공원,054-270-5735,,2026-05-12
조합놀이대,1964-06-07,,화장실+파고라+평의자,,경상북도 포항시 공원과,5020000,경상북도 포항시,36.027085,경상북도 포항시 남구 이동 659,129.339531,47111-00019,배드민턴장+운동기구,6602.2,이동이화,어린이공원,054-270-5735,경상북도 포항시 남구 대이로127번길 12-10,2026-05-12
조합놀이대+시소+흔들놀이,1994-06-07,,축구장 관리실+화장실+파고라+등의자+평의자,,경상북도 포항시 공원과,5020000,경상북도 포항시,36.024099,경상북도 포항시 남구 대잠동 462-3,129.340089,47111-00020,유소년축구장,4958.1,이동체육,어린이공원,054-270-5735,경상북도 포항시 남구 대이로95번길 6-7,2026-05-12
조합놀이대,2007-02-15,,파고라+등의자+ 평의자,,경상북도 포항시 공원과,5020000,경상북도 포항시,36.021666,경상북도 포항시 남구 대잠동 1013,129.338417,47111-00021,운동기구,1582,대잠센트럴,어린이공원,054-270-5735,,2026-05-12
,2015-07-28,,파고라+평의자+등의자,,경상북도 포항시 공원과,5020000,경상북도 포항시,36.00834708,경상북도 포항시 남구 대잠동 1037,129.341399,47111-00022,,8649,대잠(자이)소공원,소공원,054-270-5735,,2026-05-12
조합놀이대+시소+흔들놀이,2022-07-04,,자전거 보관소+평의자+ 등의자,바닥분수,경상북도 포항시 공원과,5020000,경상북도 포항시,35.959697,경상북도 포항시 남구 동해면 공당리 895-20,129.501793,47111-00023,멀티코트장+운동기구,10013,블루밸리 1호 근린공원,근린공원,054-270-5735,,2026-05-12
,2022-07-04,,자전거 보관소+평의자+ 등의자,,경상북도 포항시 공원과,5020000,경상북도 포항시,35.9556505,경상북도 포항시 남구 동해면 공당리 988,129.5012635,47111-00024,운동기구,147632,블루밸리 3호 근린공원,근린공원,054-270-5735,,2026-05-12
조합놀이대+징검다리,2022-12-23,,파고라+음수대,,경상북도 포항시 공원과,5020000,경상북도 포항시,35.963707,경상북도 포항시 남구 동해면 공당리 1039,129.4983277,47111-00025,,1852.1,블루밸리1,어린이공원,054-270-5735,,2026-05-12
,2022-07-04,,평의자+ 등의자,,경상북도 포항시 공원과,5020000,경상북도 포항시,35.964845,경상북도 포항시 남구 동해면 공당리 339,129.499274,47111-00026,,1403,블루밸리 소공원,소공원,054-270-5735,,2026-05-12
,2011-12-23,야외무대,화장실+파고라+등의자,연못,경상북도 포항시 공원과,5020000,경상북도 포항시,36.002198,경상북도 포항시 남구 동해면 임곡리 123,129.458888,47111-00027,,82637,연오랑세오녀테마공원,문화공원,054-270-5735,,2026-05-12
,2022-07-04,,화장실+파고라,,경상북도 포항시 공원과,5020000,경상북도 포항시,35.964654,경상북도 포항시 남구 동해면 공당리 산59,129.494569,47111-00028,농구장+풋살장+족구장+운동기구,14469,블루밸리 체육공원,체육공원,054-270-5735,,2026-05-12
조합놀이대,1980-01-12,,정자+파고라+등의자+ 평의자,,경상북도 포항시 공원과,5020000,경상북도 포항시,36.011199,경상북도 포항시 남구 대도동 638,129.356997,47111-00029,운동기구,2697.6,대도영암,어린이공원,054-270-5735,,2026-05-12
조합놀이대,1974-06-15,,등의자,,경상북도 포항시 공원과,5020000,경상북도 포항시,36.022442,경상북도 포항시 남구 대도동 56-7,129.364291,47111-00030,운동기구,1170.6,대도대해,어린이공원,054-270-5735,경상북도 포항시 남구 양학천로118번길 37,2026-05-12
조합놀이대,1987-04-03,,파고라+등의자+ 평의자,,경상북도 포항시 공원과,5020000,경상북도 포항시,36.011268,경상북도 포항시 남구 대도동 171-2,129.361726,47111-00031,운동기구,1160.7,대도,어린이공원,054-270-5735,경상북도 포항시 남구 상공로18번길 55,2026-05-12
조합놀이대+그네,2001-12-06,야외공연장,정자+파고라+등의자,,경상북도 포항시 공원과,5020000,경상북도 포항시,36.023708,경상북도 포항시 남구 대도동 54-2,129.364147,47111-00032,운동기구,4274.1,대도 큰섬마을,어린이공원,054-270-5735,경상북도 포항시 남구 대해로91번길 22,2026-05-12
,1987-04-03,,평의자+ 등의자,,경상북도 포항시 공원과,5020000,경상북도 포항시,36.011220,경상북도 포항시 남구 상도동 588-3,129.347052,47111-00033,,1826,상도1,어린이공원,054-270-5735,,2026-05-12
조합놀이대,1983-12-29,,정자+평의자,,경상북도 포항시 공원과,5020000,경상북도 포항시,36.104199,경상북도 포항시 북구 흥해읍 옥성리 247,129.340852,47113-00086,배구장+운동기구,1503,흥해청아,어린이공원,054-270-5735,,2026-05-12
조합놀이대,1983-12-29,,정자+등의자+ 평의자,,경상북도 포항시 공원과,5020000,경상북도 포항시,36.110253,경상북도 포항시 북구 흥해읍 중성리 137,129.350673,47113-00087,운동기구,1565,흥해중성,어린이공원,054-270-5735,,2026-05-12
미끄럼틀,2006-09-04,,파고라+평의자,,경상북도 포항시 공원과,5020000,경상북도 포항시,36.111268,경상북도 포항시 북구 흥해읍 망천리 990,129.352373,47113-00088,족구장+운동기구,1500,흥해벌샘,어린이공원,054-270-5735,,2026-05-12
조합놀이대+숲속놀이집,2008-05-15,,파고라+등의자+ 평의자,자전거 보관대,경상북도 포항시 공원과,5020000,경상북도 포항시,36.092397,경상북도 포항시 북구 흥해읍 초곡리 1672,129.332249,47113-00089,운동기구,2669.6,흥해새마을,어린이공원,054-270-5735,,2026-05-12
조합놀이대+그게+시소+흔들놀이,2008-05-15,,파고라+평의자,자전거 보관대,경상북도 포항시 공원과,5020000,경상북도 포항시,36.095457,경상북도 포항시 북구 흥해읍 초곡리 1315,129.341212,47113-00090,,1505.8,흥해목장,어린이공원,054-270-5735,,2026-05-12
조합놀이대+흔들놀이,2008-05-15,,파고라+등의자+평의자,자전거 보관대,경상북도 포항시 공원과,5020000,경상북도 포항시,36.098149,경상북도 포항시 북구 흥해읍 초곡리 1162,129.337056,47113-00091,,1665.2,흥해심골,어린이공원,054-270-5735,,2026-05-12
,2005-07-28,,등의자+파고라,,경상북도 포항시 공원과,5020000,경상북도 포항시,36.08079498,경상북도 포항시 북구 흥해읍 성곡리 1468,129.3378311,47113-00092,운동기구,6194.7,성곡,어린이공원,054-270-5735,,2026-05-12
오름놀이기구,2022-12-21,,파고라+등의자,,경상북도 포항시 공원과,5020000,경상북도 포항시,36.10358276,경상북도 포항시 북구 흥해읍 옥성리 527,129.3438513,47113-00093,운동기구,1501.4,남옥1,어린이공원,054-270-5735,,2026-05-12
짚라인,2022-12-21,,파고라+평의자+등의자,,경상북도 포항시 공원과,5020000,경상북도 포항시,36.101357,경상북도 포항시 북구 흥해읍 옥성리 587,129.342794,47113-00094,운동기구,1507.2,남옥2,어린이공원,054-270-5735,,2026-05-12
조합놀이대,2022-12-21,,파고라+평의자+등의자,,경상북도 포항시 공원과,5020000,경상북도 포항시,36.103493,경상북도 포항시 북구 흥해읍 남성리 644,129.345907,47113-00095,운동기구,1551.2,남옥3,어린이공원,054-270-5735,,2026-05-12
조합놀이대+그네+시소+흔들놀이,2024-04-11,,평의자+파고라,,경상북도 포항시 공원과,5020000,경상북도 포항시,36.09199081,경상북도 포항시 북구 흥해읍 초곡리 1868,129.334840,47113-00096,운동기구,2533.6,초곡1,어린이공원,054-270-5735,,2026-05-12
조합놀이대+그네+시소+흔들놀이,2024-04-11,,파고라+평의자,,경상북도 포항시 공원과,5020000,경상북도 포항시,36.092571,경상북도 포항시 북구 흥해읍 초곡리 1871,129.3393249,47113-00097,운동기구,4365.3,초곡2,어린이공원,054-270-5735,,2026-05-12
,2023-02-08,,,,경상북도 포항시 공원과,5020000,경상북도 포항시,36.1084333,경상북도 포항시 북구 흥해읍 곡강리 856,129.403636,47113-00098,,2999,4산단1호,어린이공원,054-270-5735,,2026-05-12
,2023-02-08,,,,경상북도 포항시 공원과,5020000,경상북도 포항시,36.10780397,경상북도 포항시 북구 흥해읍 곡강리 875,129.4050954,47113-00099,,3967,4산단2호,어린이공원,054-270-5735,,2026-05-12
어린이놀이시설,2000-08-24,,정자,,경상북도 포항시 공원과,5020000,경상북도 포항시,36.107335,경상북도 포항시 북구 흥해읍 남성리 299-5,129.348624,47113-00100,,1210,흥해남문,어린이공원,054-270-5735,,2026-05-12
,2015-04-02,,등의자,,경상북도 포항시 공원과,5020000,경상북도 포항시,36.092581,경상북도 포항시 북구 흥해읍 초곡리 1511,129.338918,47113-00101,,369,초곡소공원,소공원,054-270-5735,,2026-05-12
,2022-12-21,,등의자,,경상북도 포항시 공원과,5020000,경상북도 포항시,36.102729,경상북도 포항시 북구 흥해읍 남성리 721,129.348405,47113-00102,운동기구,1112.3,남옥4,소공원,054-270-5735,,2026-05-12
,2016-05-02,,등의자+파고라+평의자,,경상북도 포항시 공원과,5020000,경상북도 포항시,36.064304,경상북도 포항시 북구 흥해읍 이인리 976,129.3144761,47113-00103,운동기구,3385,융합3,소공원,054-270-5735,,2026-05-12
,2016-05-02,,등의자+파고라,,경상북도 포항시 공원과,5020000,경상북도 포항시,36.06233239,경상북도 포항시 북구 흥해읍 이인리 1052,129.3190316,47113-00104,운동기구,2284,융합7,소공원,054-270-5735,,2026-05-12
,2016-05-02,,파고라+평의자,,경상북도 포항시 공원과,5020000,경상북도 포항시,36.06328408,경상북도 포항시 북구 흥해읍 이인리 986,129.311934,47113-00105,,1046,융합11,소공원,054-270-5735,,2026-05-12
,2016-05-02,,파고라+평의자,,경상북도 포항시 공원과,5020000,경상북도 포항시,36.06112107,경상북도 포항시 북구 흥해읍 대련리 1283,129.3117816,47113-00106,,638,융합12,소공원,054-270-5735,,2026-05-12
,2024-04-11,,정자+평의자,,경상북도 포항시 공원과,5020000,경상북도 포항시,36.0936273,경상북도 포항시 북구 흥해읍 초곡리 1873,129.341470,47113-00107,운동기구,2285.6,초곡3,소공원,054-270-5735,,2026-05-12
,2023-02-08,,,,경상북도 포항시 공원과,5020000,경상북도 포항시,36.1073792,경상북도 포항시 북구 흥해읍 곡강리 878-1,129.4028916,47113-00108,,1055,4산단1호 소공원,소공원,054-270-5735,,2026-05-12
,2016-05-02,,파고라+평의자+막구조파고라,분수대,경상북도 포항시 공원과,5020000,경상북도 포항시,36.06642217,경상북도 포항시 북구 흥해읍 이인리 971,129.318492,47113-00109,풋살장+족구장+운동기구,10423,융합1,체육공원,054-270-5735,,2026-05-12
,2016-05-02,,등의자+정자+파고라+평의자,,경상북도 포항시 공원과,5020000,경상북도 포항시,36.06289097,경상북도 포항시 북구 흥해읍 이인리 996,129.316233,47113-00110,운동기구,31386,융합2,문화공원,054-270-5735,,2026-05-12
,2016-05-02,,,,경상북도 포항시 공원과,5020000,경상북도 포항시,36.06109662,경상북도 포항시 북구 흥해읍 대련리 1237,129.3094179,47113-00111,,3965,융합4,수변공원,054-270-5735,,2026-05-12
,2016-05-02,,,,경상북도 포항시 공원과,5020000,경상북도 포항시,36.05988072,경상북도 포항시 북구 흥해읍 대련리 1311,129.310545,47113-00112,,3773,융합5,수변공원,054-270-5735,,2026-05-12
어린이놀이시설,2022-07-04,,파고라,,경상북도 포항시 공원과,5020000,경상북도 포항시,35.94447806,경상북도 포항시 남구 구룡포읍 구평리 1517,129.528315,47111-00001,,2680,블루밸리3,어린이공원,054-270-5735,,2026-05-12
어린이놀이시설,2022-07-04,,파고라,,경상북도 포항시 공원과,5020000,경상북도 포항시,35.958456,경상북도 포항시 남구 구룡포읍 성동리 1391,129.505810,47111-00002,,1791,블루밸리2,어린이공원,054-270-5735,,2026-05-12
조합놀이대,1984-12-08,,파고라,,경상북도 포항시 공원과,5020000,경상북도 포항시,35.969843,경상북도 포항시 남구 구룡포읍 하정리 129,129.551204,47111-00003,,3499,구룡포솔머리,어린이공원,054-270-5735,,2026-05-12
