feature_id,name,lat,lon,lat2,lon2,sigungu,weight,geom,value,source
A6,괘방령로,36.127602,128.021609,36.151479,127.991139,김천시,369,segment,0.0,가로수길 표준데이터 수종분류
A6,김천로,36.116657,128.127847,36.121491,128.118828,김천시,79,segment,0.0,가로수길 표준데이터 수종분류
A6,김천로,36.121491,128.118828,36.124744,128.104931,김천시,94,segment,0.0,가로수길 표준데이터 수종분류
A6,싱그러운청도로(봄),35.390402,128.431901,35.375703,128.361903,청도군,1823,segment,1.0,가로수길 표준데이터 수종분류
A6,싱그러운청도로(가을),35.423801,128.425302,39.590401,128.450201,청도군,1153,segment,0.0,가로수길 표준데이터 수종분류
A6,싱그러운청도로(여름),35.390201,128.450302,35.410604,128.470502,청도군,914,segment,1.0,가로수길 표준데이터 수종분류
A6,양금로,36.116657,128.127847,36.107561,128.121196,김천시,279,segment,0.0,가로수길 표준데이터 수종분류
A6,양금로,36.091796,128.115191,36.082895,128.099639,김천시,293,segment,0.0,가로수길 표준데이터 수종분류
A6,양지들길,36.130685,128.087707,36.135781,128.077178,김천시,117,segment,1.0,가로수길 표준데이터 수종분류
A6,어모로,36.161951,128.116856,36.163304,128.126478,김천시,30,segment,1.0,가로수길 표준데이터 수종분류
A6,어모문화3길,36.180776,128.119371,36.180988,128.113725,김천시,104,segment,0.0,가로수길 표준데이터 수종분류
A6,연명로,36.085972,128.189533,36.069971,128.211343,김천시,203,segment,1.0,가로수길 표준데이터 수종분류
A6,영남대로,36.124834,128.130291,36.118361,128.144281,김천시,141,segment,1.0,가로수길 표준데이터 수종분류
A6,영남대로,36.129704,128.118253,36.124834,128.130291,김천시,87,segment,1.0,가로수길 표준데이터 수종분류
A6,부항댐,35.977465,127.979305,35.981225,128.008124,김천시,311,segment,1.0,가로수길 표준데이터 수종분류
A6,부항댐,35.987801,127.996177,35.999583,127.985691,김천시,171,segment,0.0,가로수길 표준데이터 수종분류
A6,부항댐,35.979447,127.994971,35.976651,128.013842,김천시,371,segment,1.0,가로수길 표준데이터 수종분류
A6,부항댐,35.978425,127.979484,35.978266,128.014194,김천시,300,segment,1.0,가로수길 표준데이터 수종분류
A6,다삼로,36.136766,128.081154,36.126026,128.079818,김천시,335,segment,1.0,가로수길 표준데이터 수종분류
A6,대학로,36.136373,128.075794,36.136416,128.078411,김천시,74,segment,1.0,가로수길 표준데이터 수종분류
A6,대학로,36.137541,128.087799,36.138495,128.066611,김천시,155,segment,0.0,가로수길 표준데이터 수종분류
A6,대학로,36.129787,128.100698,36.137541,128.087799,김천시,276,segment,1.0,가로수길 표준데이터 수종분류
A6,대학로,36.137552,128.087892,36.141942,128.087897,김천시,54,segment,0.0,가로수길 표준데이터 수종분류
A6,모암길,36.124626,128.123791,36.126265,128.119541,김천시,126,segment,1.0,가로수길 표준데이터 수종분류
A6,무실7길,36.115179,128.155547,36.112665,128.155061,김천시,42,segment,0.0,가로수길 표준데이터 수종분류
A6,문당길,36.137069,128.090402,36.141069,128.092896,김천시,86,segment,1.0,가로수길 표준데이터 수종분류
A6,문당길,36.137069,128.090402,36.143748,128.098042,김천시,224,segment,0.0,가로수길 표준데이터 수종분류
A6,봉산로,36.156545,128.021788,36.182936,128.011991,김천시,15,segment,1.0,가로수길 표준데이터 수종분류
A6,봉산로,36.137897,128.064831,36.140109,128.063685,김천시,128,segment,1.0,가로수길 표준데이터 수종분류
A6,부거리길,36.134031,128.116406,36.133867,128.100746,김천시,224,segment,1.0,가로수길 표준데이터 수종분류
A6,부곡길,36.125652,128.100851,36.124121,128.088928,김천시,263,segment,0.0,가로수길 표준데이터 수종분류
A6,부곡맛고을1길,36.124111,128.095624,36.124169,128.089663,김천시,55,segment,0.0,가로수길 표준데이터 수종분류
A6,부곡중앙4길,36.125654,128.101028,36.126102,128.102957,김천시,37,segment,1.0,가로수길 표준데이터 수종분류
A6,강변. 조각공원길,36.129704,128.118253,36.126974,128.130505,김천시,290,segment,1.0,가로수길 표준데이터 수종분류
A6,강변. 조각공원길,36.129507,128.117073,36.128987,128.090981,김천시,310,segment,1.0,가로수길 표준데이터 수종분류
A6,강변. 조각공원길,36.128987,128.090981,36.136395,128.090132,김천시,99,segment,1.0,가로수길 표준데이터 수종분류
A6,강변로,36.112111,128.123294,36.107479,128.121225,김천시,80,segment,0.0,가로수길 표준데이터 수종분류
A6,공단길,36.159006,128.117501,36.147619,128.131004,김천시,2700,segment,0.0,가로수길 표준데이터 수종분류
A6,영남대로,36.206721,128.005334,36.211007,127.995556,김천시,178,segment,1.0,가로수길 표준데이터 수종분류
A6,영남대로,36.171543,128.013248,36.183418,128.013253,김천시,416,segment,1.0,가로수길 표준데이터 수종분류
A6,영남대로,36.183418,128.013253,36.138101,128.029005,김천시,414,segment,1.0,가로수길 표준데이터 수종분류
A6,영남대로,36.128571,128.067141,36.118838,128.147151,김천시,396,segment,1.0,가로수길 표준데이터 수종분류
A6,영남대로,36.124639,128.085014,36.127835,128.095297,김천시,97,segment,0.0,가로수길 표준데이터 수종분류
A6,예지송정길,36.142996,128.061554,36.144805,128.060081,김천시,21,segment,0.0,가로수길 표준데이터 수종분류
A6,오봉로,36.125872,128.229929,36.096735,128.258338,김천시,199,segment,1.0,가로수길 표준데이터 수종분류
A6,오봉로,36.123898,128.236221,36.157015,128.225001,김천시,800,segment,1.0,가로수길 표준데이터 수종분류
A6,용암로,36.119673,128.127424,36.118785,128.126325,김천시,47,segment,0.0,가로수길 표준데이터 수종분류
A6,용호로,36.039857,128.103894,36.043063,128.117955,김천시,344,segment,1.0,가로수길 표준데이터 수종분류
A6,자산로,36.118785,128.126325,36.121611,128.118701,김천시,159,segment,0.0,가로수길 표준데이터 수종분류
A6,자산로,36.118785,128.126325,36.124834,128.130291,김천시,27,segment,0.0,가로수길 표준데이터 수종분류
A6,자산로,36.121611,128.118701,36.125668,128.117981,김천시,66,segment,0.0,가로수길 표준데이터 수종분류
A6,자산로,36.125668,128.117981,36.129704,128.118253,김천시,55,segment,0.0,가로수길 표준데이터 수종분류
A6,부항댐,35.978559,128.014031,35.978664,127.979532,김천시,165,segment,1.0,가로수길 표준데이터 수종분류
A6,사등3길,36.028182,127.947505,36.029035,127.955741,김천시,218,segment,1.0,가로수길 표준데이터 수종분류
A6,사등4길,36.006632,127.938813,36.029035,127.955741,김천시,850,segment,1.0,가로수길 표준데이터 수종분류
A6,삼산1길,36.042767,128.123224,36.029063,128.130241,김천시,514,segment,1.0,가로수길 표준데이터 수종분류
A6,삼산2길,36.031145,128.128097,36.028171,128.127619,김천시,200,segment,1.0,가로수길 표준데이터 수종분류
A6,송설로,36.124696,128.104847,36.124311,128.085562,김천시,330,segment,0.667,가로수길 표준데이터 수종분류
A6,시민로,36.124696,128.104847,36.129787,128.100698,김천시,69,segment,0.0,가로수길 표준데이터 수종분류
A6,시청길,36.138061,128.114045,36.140261,128.115095,김천시,303,segment,0.0,가로수길 표준데이터 수종분류
A6,시청로,36.128612,128.118198,36.156922,128.116783,김천시,508,segment,1.0,가로수길 표준데이터 수종분류
A6,시청로,36.136383,128.115956,36.137249,128.116028,김천시,28,segment,1.0,가로수길 표준데이터 수종분류
A6,신음새동네길,36.134443,128.117657,36.132704,128.122108,김천시,128,segment,1.0,가로수길 표준데이터 수종분류
A6,아포대로,36.115705,128.154858,36.127165,128.172553,김천시,166,segment,0.0,가로수길 표준데이터 수종분류
A6,아포대로,36.160145,128.252158,36.164037,128.247389,김천시,186,segment,1.0,가로수길 표준데이터 수종분류
A6,아포대로,36.154795,128.274796,36.152745,128.278948,김천시,276,segment,1.0,가로수길 표준데이터 수종분류
A6,양금로,36.097958,128.117521,36.095369,128.111313,김천시,48,segment,0.0,가로수길 표준데이터 수종분류
A6,양금로,36.107561,128.121196,36.098419,128.117377,김천시,193,segment,0.0,가로수길 표준데이터 수종분류
A6,양금로,36.098419,128.117377,36.091796,128.115191,김천시,173,segment,0.0,가로수길 표준데이터 수종분류
A6,용시길,36.139898,128.113649,36.139898,128.113649,김천시,157,segment,1.0,가로수길 표준데이터 수종분류
A6,영남대로,36.139898,128.113649,36.139898,128.113649,김천시,96,segment,1.0,가로수길 표준데이터 수종분류
A6,영남대로,36.139898,128.113649,36.139898,128.113649,김천시,45,segment,1.0,가로수길 표준데이터 수종분류
A6,속구미2길,36.139898,128.113649,36.139898,128.113649,김천시,243,segment,1.0,가로수길 표준데이터 수종분류
A6,영남대로,36.109338,128.172036,36.090376,128.242455,김천시,950,segment,1.0,가로수길 표준데이터 수종분류
A6,영남대로,36.090376,128.242455,36.081663,128.250762,김천시,200,segment,1.0,가로수길 표준데이터 수종분류
A6,강변조각공원길,36.126956,128.124741,36.131714,128.081891,김천시,520,segment,1.0,가로수길 표준데이터 수종분류
A6,아포작동길,36.165446,128.220427,36.169704,128.219549,김천시,140,segment,1.0,가로수길 표준데이터 수종분류
A6,지방도913호,36.175772,128.159998,36.153733,128.150368,김천시,365,segment,1.0,가로수길 표준데이터 수종분류
A6,혁신도시 혁신로,36.121184,128.187801,36.120618,128.195016,김천시,2667,segment,1.0,가로수길 표준데이터 수종분류
A6,조각공원길,36.131086,128.122497,36.126974,128.130505,김천시,42,segment,0.0,가로수길 표준데이터 수종분류
A6,증산로,35.917792,127.978105,35.899308,127.996002,김천시,452,segment,0.0,가로수길 표준데이터 수종분류
A6,증산로,35.901479,128.035306,35.890096,128.003984,김천시,319,segment,1.0,가로수길 표준데이터 수종분류
A6,직지사길,36.114199,128.016738,36.115207,128.003659,김천시,60,segment,1.0,가로수길 표준데이터 수종분류
A6,한지3길,36.158986,128.259174,36.156989,128.266417,김천시,65,segment,0.0,가로수길 표준데이터 수종분류
A6,혁신도시 진입로,36.128994,128.180435,36.103591,128.183444,김천시,256,segment,0.0,가로수길 표준데이터 수종분류
A6,환경로,36.125061,128.129687,36.130271,128.135658,김천시,161,segment,0.0,가로수길 표준데이터 수종분류
A6,황산로,36.124834,128.130291,36.118361,128.144281,김천시,170,segment,0.0,가로수길 표준데이터 수종분류
A6,황악로,36.129512,128.024264,36.114199,128.016738,김천시,375,segment,0.5,가로수길 표준데이터 수종분류
A6,황악로,36.133791,128.034874,36.129512,128.024264,김천시,149,segment,0.5,가로수길 표준데이터 수종분류
A6,영남대로,36.118361,128.144281,36.115709,128.154761,김천시,167,segment,1.0,가로수길 표준데이터 수종분류
A6,영남대로,36.129787,128.100698,36.127835,128.095297,김천시,134,segment,1.0,가로수길 표준데이터 수종분류
A6,영남대로,36.126956,128.124741,36.129787,128.100698,김천시,125,segment,1.0,가로수길 표준데이터 수종분류
A6,영남대로,36.129704,128.118253,36.126956,128.124741,김천시,139,segment,1.0,가로수길 표준데이터 수종분류
A6,영남대로,36.118838,128.147151,36.113525,128.159557,김천시,238,segment,0.0,가로수길 표준데이터 수종분류
A6,영남대로,36.134373,128.035471,36.162242,128.021387,김천시,358,segment,1.0,가로수길 표준데이터 수종분류
A6,영남대로,36.186321,128.010346,36.180847,128.011019,김천시,416,segment,1.0,가로수길 표준데이터 수종분류
A6,영남대로,36.174386,128.015584,36.199161,128.007578,김천시,402,segment,1.0,가로수길 표준데이터 수종분류
A6,영남대로,36.199161,128.007578,36.207079,128.004691,김천시,402,segment,1.0,가로수길 표준데이터 수종분류
A6,영남대로,36.124639,128.085014,36.128571,128.067141,김천시,250,segment,1.0,가로수길 표준데이터 수종분류
A6,영남대로,36.207079,128.004691,36.180847,128.011019,김천시,361,segment,1.0,가로수길 표준데이터 수종분류
A6,영남대로,36.180847,128.011019,36.186321,128.010346,김천시,442,segment,1.0,가로수길 표준데이터 수종분류
A6,감문로,36.213894,128.181808,36.191921,128.228495,김천시,301,segment,0.0,가로수길 표준데이터 수종분류
A6,"강변,조각공원길",36.139898,128.113649,36.139898,128.113649,김천시,190,segment,1.0,가로수길 표준데이터 수종분류
A6,거문들1길,36.139898,128.113649,36.139898,128.113649,김천시,113,segment,1.0,가로수길 표준데이터 수종분류
A6,황악로,36.139898,128.113649,36.139898,128.113649,김천시,100,segment,1.0,가로수길 표준데이터 수종분류
A6,아포대로,36.139898,128.113649,36.139898,128.113649,김천시,117,segment,1.0,가로수길 표준데이터 수종분류
A6,외현천,36.139898,128.113649,36.139898,128.113649,김천시,115,segment,1.0,가로수길 표준데이터 수종분류
A6,구도로,36.139898,128.113649,36.139898,128.113649,김천시,170,segment,1.0,가로수길 표준데이터 수종분류
A6,대신지구진입로,36.139898,128.113649,36.139898,128.113649,김천시,349,segment,1.0,가로수길 표준데이터 수종분류
A6,도시계획도로,36.139898,128.113649,36.139898,128.113649,김천시,47,segment,1.0,가로수길 표준데이터 수종분류
A6,율곡천,36.139898,128.113649,36.139898,128.113649,김천시,675,segment,1.0,가로수길 표준데이터 수종분류
A6,국도대체우회도로,36.139898,128.113649,36.139898,128.113649,김천시,140,segment,0.0,가로수길 표준데이터 수종분류
A6,도시계획도로,36.139898,128.113649,36.139898,128.113649,김천시,101,segment,1.0,가로수길 표준데이터 수종분류
A6,국도대체우회도로,36.139898,128.113649,36.139898,128.113649,김천시,315,segment,0.0,가로수길 표준데이터 수종분류
A6,김천희망대로,36.139898,128.113649,36.139898,128.113649,김천시,1032,segment,0.5,가로수길 표준데이터 수종분류
A6,시도,36.139898,128.113649,36.139898,128.113649,김천시,411,segment,1.0,가로수길 표준데이터 수종분류
A6,시도,36.139898,128.113649,36.139898,128.113649,김천시,148,segment,1.0,가로수길 표준데이터 수종분류
A6,국도59호선,36.139898,128.113649,36.139898,128.113649,김천시,298,segment,1.0,가로수길 표준데이터 수종분류
A6,혁신도시 해오름로,36.119419,128.172294,36.115995,128.174899,김천시,445,segment,1.0,가로수길 표준데이터 수종분류
A6,도시계획도로,36.147552,128.119168,36.148659,128.116822,김천시,15,segment,1.0,가로수길 표준데이터 수종분류
A6,서주길(와룡면),36.5945804,128.7426516,36.5946809,128.7425533,안동시,227,segment,0.0,가로수길 표준데이터 수종분류
A6,태리금산교,36.6389861,128.7411806,36.6390451,128.7414615,안동시,40,segment,0.0,가로수길 표준데이터 수종분류
A6,"호반로(상아동,와룡면)",36.5875884,128.7768174,36.5877844,128.7769672,안동시,2062,segment,1.0,가로수길 표준데이터 수종분류
A6,산북로(북후면),36.6735896,128.6393115,36.6741728,128.6394917,안동시,167,segment,1.0,가로수길 표준데이터 수종분류
A6,풍산태사로(서후면),36.6121887,128.6662874,36.6115452,128.666553,안동시,354,segment,1.0,가로수길 표준데이터 수종분류
A6,풍산태사로(서후면),36.607316,128.6558113,36.6080524,128.6566318,안동시,115,segment,1.0,가로수길 표준데이터 수종분류
A6,가곡로(풍천면),36.573121,128.5170956,36.5728438,128.5176376,안동시,293,segment,0.0,가로수길 표준데이터 수종분류
A6,섬마을2길(풍천면),36.5339104,128.4568501,36.534726,128.4594112,안동시,61,segment,0.0,가로수길 표준데이터 수종분류
A6,도청대로(풍천면),36.5791024,128.515805,36.5812721,128.5201934,안동시,870,segment,0.667,가로수길 표준데이터 수종분류
A6,병산길(풍천면),36.5413998,128.55586,36.5415839,128.5562545,안동시,426,segment,0.0,가로수길 표준데이터 수종분류
A6,"인금길, 월애길(풍천면)",36.5351175,128.5497828,36.534494,128.548531,안동시,262,segment,0.0,가로수길 표준데이터 수종분류
A6,전서로(풍천면),36.5401857,128.520762,36.5401653,128.5216549,안동시,275,segment,0.0,가로수길 표준데이터 수종분류
A6,풍일로(풍천면),36.496001,128.5581987,36.4954741,128.5571503,안동시,413,segment,0.5,가로수길 표준데이터 수종분류
A6,광덕섬길(풍천면),36.5355662,128.4651104,36.5360452,128.468659,안동시,80,segment,0.0,가로수길 표준데이터 수종분류
A6,도청대로(풍천면),36.5731899,128.4938049,36.5714074,128.4972671,안동시,1130,segment,0.333,가로수길 표준데이터 수종분류
A6,천년숲서로,36.5737438,128.5013563,36.5735605,128.5037434,안동시,286,segment,0.0,가로수길 표준데이터 수종분류
A6,천년숲동로,36.5732364,128.5087083,36.57337,128.5067,안동시,269,segment,0.0,가로수길 표준데이터 수종분류
A6,청렴의길,36.5769624,128.5090601,36.5774502,128.5096728,안동시,161,segment,0.0,가로수길 표준데이터 수종분류
A6,화합의길,36.5693819,128.5085551,36.5670784,128.508298,안동시,278,segment,0.333,가로수길 표준데이터 수종분류
A6,가곡로(풍천면),36.5788062,128.5157098,36.5784707,128.515882,안동시,300,segment,1.0,가로수길 표준데이터 수종분류
A6,한옥마을로,36.5731573,128.5092653,36.5730611,128.5104587,안동시,297,segment,1.0,가로수길 표준데이터 수종분류
A6,선비의길,36.5694337,128.5087348,36.5691698,128.5124942,안동시,158,segment,0.5,가로수길 표준데이터 수종분류
A6,축제의길,36.5730219,128.4935448,36.5727268,128.4933715,안동시,41,segment,1.0,가로수길 표준데이터 수종분류
A6,검무로,36.5779577,128.4958631,36.577926,128.4962311,안동시,182,segment,0.5,가로수길 표준데이터 수종분류
A6,수호로,36.5764989,128.5015213,36.5704171,128.500778,안동시,252,segment,0.25,가로수길 표준데이터 수종분류
A6,풍요로,36.5737566,128.5010549,36.5738417,128.5000176,안동시,165,segment,0.5,가로수길 표준데이터 수종분류
A6,호수공원로,36.5699218,128.5007572,36.5694541,128.5006923,안동시,376,segment,0.0,가로수길 표준데이터 수종분류
A6,장수의길,36.5714122,128.4968874,36.5710014,128.496589,안동시,12,segment,0.0,가로수길 표준데이터 수종분류
A6,명품가로수길,36.5735771,128.5038554,36.5733804,128.5065885,안동시,56,segment,0.0,가로수길 표준데이터 수종분류
A6,호민로,36.5631126,128.4723547,36.5626711,128.4730836,안동시,291,segment,0.333,가로수길 표준데이터 수종분류
A6,풍일로(일직면),36.4780674,128.6272274,36.4783768,128.627669,안동시,359,segment,0.0,가로수길 표준데이터 수종분류
A6,풍일로(일직면),36.4758431,128.5984738,36.4757406,128.5987283,안동시,141,segment,0.5,가로수길 표준데이터 수종분류
A6,풍일로(일직면),36.4782238,128.6499582,36.478086,128.650145,안동시,23,segment,1.0,가로수길 표준데이터 수종분류
A6,일직점곡로(일직면),36.4652039,128.6635596,36.4651437,128.6640045,안동시,249,segment,1.0,가로수길 표준데이터 수종분류
A6,안평일직길(일직면),36.4734048,128.6602317,36.4719766,128.6592641,안동시,102,segment,0.0,가로수길 표준데이터 수종분류
A6,남일로(남후면),36.5250133,128.6861629,36.5245184,128.6873913,안동시,33,segment,1.0,가로수길 표준데이터 수종분류
A6,남일로(남후면),36.5419749,128.647203,36.5415985,128.6483563,안동시,132,segment,1.0,가로수길 표준데이터 수종분류
A6,암산길(남후면),36.5042951,128.6716728,36.5044085,128.6719431,안동시,56,segment,0.5,가로수길 표준데이터 수종분류
A6,샘들윗길(남선면),36.5347823,128.7952814,36.5326927,128.7946302,안동시,69,segment,0.0,가로수길 표준데이터 수종분류
A6,갈라산길(남선면),36.5100445,128.7574855,36.5106234,128.7579451,안동시,457,segment,1.0,가로수길 표준데이터 수종분류
A6,백운솔숲길(임하면),36.5377852,128.8516701,36.5370944,128.8520555,안동시,135,segment,1.0,가로수길 표준데이터 수종분류
A6,"임하길,호계길(임하면)",36.5265511,128.861405,36.5263645,128.8618136,안동시,121,segment,0.0,가로수길 표준데이터 수종분류
A6,고란길(길안면),36.4114615,128.9468297,36.4112027,128.9466784,안동시,354,segment,0.5,가로수길 표준데이터 수종분류
A6,대사로(길안면),36.3703612,128.9299172,36.3699282,128.9305082,안동시,306,segment,0.0,가로수길 표준데이터 수종분류
A6,수곡용계로(길안면),36.5512156,128.9230375,36.5508535,128.9231402,안동시,1550,segment,0.5,가로수길 표준데이터 수종분류
A6,의성길안로(길안면),36.437498,128.8338062,36.4378087,128.8341146,안동시,486,segment,0.0,가로수길 표준데이터 수종분류
A6,길안청송로(길안면),36.4555943,128.8941388,36.4556195,128.8948198,안동시,565,segment,0.0,가로수길 표준데이터 수종분류
A6,충효로(길안면),36.4705056,128.8862129,36.4702802,128.8862186,안동시,275,segment,1.0,가로수길 표준데이터 수종분류
A6,사월큰길(임동면),36.5696612,128.9223444,36.5699498,128.9223292,안동시,299,segment,0.0,가로수길 표준데이터 수종분류
A6,가느래이설길(임동면),36.551698,128.8826568,36.551748,128.8829149,안동시,127,segment,1.0,가로수길 표준데이터 수종분류
A6,고천지천로(임동면),36.5668866,128.964854,36.5666363,128.9647359,안동시,557,segment,0.0,가로수길 표준데이터 수종분류
A6,노루매기길(임동면),36.5557463,128.9225579,36.5558484,128.922929,안동시,157,segment,0.5,가로수길 표준데이터 수종분류
A6,지례예술촌길(임동면),36.5283142,128.9407011,36.528308,128.9410805,안동시,231,segment,0.0,가로수길 표준데이터 수종분류
A6,"임예로(임동면,예안면)",36.6564453,128.8862673,36.6522878,128.8865125,안동시,941,segment,1.0,가로수길 표준데이터 수종분류
A6,마령산해로(임동면),36.5850046,128.9556046,36.5849884,128.9554925,안동시,91,segment,1.0,가로수길 표준데이터 수종분류
A6,챗거리길(임동면),36.5646737,128.9181775,36.5651266,128.9180323,안동시,147,segment,0.0,가로수길 표준데이터 수종분류
A6,편항길(임동면),36.5675785,128.9179589,36.567925,128.9182579,안동시,27,segment,0.333,가로수길 표준데이터 수종분류
A6,기사길(예안면),36.6655991,128.8547395,36.6653066,128.855012,안동시,395,segment,0.0,가로수길 표준데이터 수종분류
A6,농암로(예안면),36.6604699,128.8479511,36.6609704,128.8482091,안동시,1107,segment,0.667,가로수길 표준데이터 수종분류
A6,부포로(예안면),36.6888874,128.8755926,36.6889272,128.8759292,안동시,283,segment,1.0,가로수길 표준데이터 수종분류
A6,강변로,35.833609,129.202714,35.888451,129.228861,경주시,2430,segment,0.5,가로수길 표준데이터 수종분류
A6,계림로,35.840388,129.213568,35.835152,129.216281,경주시,176,segment,1.0,가로수길 표준데이터 수종분류
A6,백일홍명품길,36.72189213,129.4421429,36.72559379,129.3411206,울진군,330,segment,1.0,가로수길 표준데이터 수종분류
A6,벚나무길,35.746849,128.275341,35.797066,128.172054,고령군,1122,segment,1.0,가로수길 표준데이터 수종분류
A6,은행나무길,35.682758,128.230441,35.676874,128.186934,고령군,685,segment,0.0,가로수길 표준데이터 수종분류
A6,경북주유소~이산건널목 가로수길,36.8023952,128.631394,36.8293819,128.6362821,영주시,1032,segment,1.0,가로수길 표준데이터 수종분류
A6,순흥통로 단풍나무 가로수길,36.8322292,128.6151921,36.9133734,128.5737421,영주시,1389,segment,0.0,가로수길 표준데이터 수종분류
A6,서천제방변 가로수길,36.8298871,128.6146525,36.8007289,128.6177486,영주시,508,segment,1.0,가로수길 표준데이터 수종분류
A6,예고개 중국단풍 가로수길,36.7441555,128.7243048,36.7809648,128.7389289,영주시,423,segment,0.0,가로수길 표준데이터 수종분류
A6,영주댐 일주도로 가로수길,36.7192101,128.6568352,36.8021403,128.7032997,영주시,3897,segment,1.0,가로수길 표준데이터 수종분류
A6,가흥신도시 완충녹지 메타세쿼이어길,36.810771,128.603681,36.818471,128.600371,영주시,300,segment,0.0,가로수길 표준데이터 수종분류
A6,지방도909호선,35.963226,128.743989,35.956187,128.832927,경산시,1510,segment,0.5,가로수길 표준데이터 수종분류
A6,국도4호선,35.877151,128.759413,35.909801,128.817241,경산시,1070,segment,0.5,가로수길 표준데이터 수종분류
A6,국도25호선,35.759804,128.736134,35.835215,128.723058,경산시,1202,segment,0.0,가로수길 표준데이터 수종분류
A6,국가지원지방도69,35.758178,128.847181,35.911685,128.822797,경산시,2774,segment,0.5,가로수길 표준데이터 수종분류
A6,국립백두대간수목원 진입로(강원도 방향),37.010711,128.827376,37.068953,128.757399,봉화군,2030,segment,0.0,가로수길 표준데이터 수종분류
A6,다덕약수탕 왕벚나무,36.913422,128.817111,36.914871,128.844014,봉화군,350,segment,1.0,가로수길 표준데이터 수종분류
A6,물야면 이팝나무,36.917087,128.737486,36.972008,128.737165,봉화군,680,segment,1.0,가로수길 표준데이터 수종분류
A6,오전댐 왕벚나무,36.996442,128.725189,37.010974,128.728349,봉화군,450,segment,1.0,가로수길 표준데이터 수종분류
A6,임기리 왕벚나무,36.915055,128.971126,36.877613,129.003363,봉화군,650,segment,1.0,가로수길 표준데이터 수종분류
A6,내성천 제방도로,36.893871,128.737436,36.885431,128.705611,봉화군,1000,segment,0.5,가로수길 표준데이터 수종분류
A6,해저리 왕벚나무,36.895346,128.716876,36.954041,128.691236,봉화군,1300,segment,1.0,가로수길 표준데이터 수종분류
A6,재산면 은행나무,36.833913,128.945971,36.819117,128.963783,봉화군,400,segment,0.0,가로수길 표준데이터 수종분류
A6,강남로(정상동),36.5541478,128.7361032,36.5544594,128.7375955,안동시,380,segment,1.0,가로수길 표준데이터 수종분류
A6,강남로(정하동),36.5532061,128.7227587,36.5528218,128.7244142,안동시,136,segment,0.0,가로수길 표준데이터 수종분류
A6,강남로(정하동),36.5540373,128.7362682,36.5542311,128.7371883,안동시,406,segment,0.0,가로수길 표준데이터 수종분류
A6,"충효로(정하동,정상동)",36.5539699,128.7359428,36.5507743,128.7363515,안동시,116,segment,0.667,가로수길 표준데이터 수종분류
A6,운동장길(정하동),36.5521218,128.7204787,36.5518332,128.7204946,안동시,111,segment,0.0,가로수길 표준데이터 수종분류
A6,산업단지1길(풍산읍),36.5959104,128.5373429,36.594832,128.5378243,안동시,194,segment,1.0,가로수길 표준데이터 수종분류
A6,산업단지1길(풍산읍),36.596899,128.5424246,36.593478,128.5435856,안동시,75,segment,0.0,가로수길 표준데이터 수종분류
A6,산업단지1길(풍산읍),36.5977519,128.5398714,36.597277,128.539672,안동시,49,segment,0.5,가로수길 표준데이터 수종분류
A6,산업단지2길(풍산읍),36.6022632,128.5435819,36.6026482,128.5451653,안동시,244,segment,1.0,가로수길 표준데이터 수종분류
A6,산업단지3길(풍산읍),36.595919,128.5373766,36.5961116,128.538509,안동시,129,segment,0.0,가로수길 표준데이터 수종분류
A6,산업단지4길(풍산읍),36.5975404,128.5450746,36.5981035,128.5475107,안동시,42,segment,0.0,가로수길 표준데이터 수종분류
A6,산업단지8길(풍산읍),36.5997958,128.5455554,36.5978053,128.5461861,안동시,44,segment,0.0,가로수길 표준데이터 수종분류
A6,산업단지5길(풍산읍),36.603374,128.540609,36.6018326,128.5406565,안동시,86,segment,1.0,가로수길 표준데이터 수종분류
A6,산업단지6길(풍산읍),36.6035182,128.5406007,36.6041308,128.5406128,안동시,106,segment,1.0,가로수길 표준데이터 수종분류
A6,산업단지7길(풍산읍),36.603116,128.53686,36.6026011,128.5369616,안동시,84,segment,1.0,가로수길 표준데이터 수종분류
A6,산업단지길(풍산읍),36.5886964,128.5489095,36.5894877,128.549037,안동시,586,segment,0.5,가로수길 표준데이터 수종분류
A6,산업단지길(풍산읍),36.5995572,128.5445002,36.6000673,128.5468571,안동시,40,segment,0.0,가로수길 표준데이터 수종분류
A6,상리길(풍산읍),36.5863494,128.5841917,36.5879962,128.5897672,안동시,200,segment,1.0,가로수길 표준데이터 수종분류
A6,신양로(풍산읍),36.5881069,128.5671213,36.5884067,128.5669374,안동시,88,segment,0.0,가로수길 표준데이터 수종분류
A6,절뒤길(풍산읍),36.602274,128.5378715,36.5995143,128.5380625,안동시,101,segment,0.0,가로수길 표준데이터 수종분류
A6,유통단지길(풍산읍),36.5905178,128.6099984,36.5883432,128.6088918,안동시,354,segment,0.5,가로수길 표준데이터 수종분류
A6,조파길(풍산읍),36.6069607,128.554438,36.6067672,128.5547694,안동시,149,segment,0.0,가로수길 표준데이터 수종분류
A6,정하로(정하동),36.5471893,128.7350429,36.5474303,128.7376726,안동시,81,segment,1.0,가로수길 표준데이터 수종분류
A6,"지풍로(풍산읍,풍천면)",36.5565501,128.5100367,36.5566539,128.5110886,안동시,469,segment,0.0,가로수길 표준데이터 수종분류
A6,풍산공단길(풍산읍),36.5994373,128.5363512,36.5996045,128.53945,안동시,41,segment,0.0,가로수길 표준데이터 수종분류
A6,풍산공단길(풍산읍),36.6022259,128.5367083,36.599484,128.5369221,안동시,47,segment,0.0,가로수길 표준데이터 수종분류
A6,풍산단호로(풍산읍),36.5713618,128.5742338,36.5707589,128.5741769,안동시,448,segment,1.0,가로수길 표준데이터 수종분류
A6,"풍산단호로(풍산읍,남후면)",36.5480286,128.6315742,36.5483829,128.6313583,안동시,42,segment,0.0,가로수길 표준데이터 수종분류
A6,"풍산생명의콩길(풍산읍,서후면)",36.6051415,128.6066703,36.607237,128.6076302,안동시,165,segment,0.0,가로수길 표준데이터 수종분류
A6,풍산중앙길(풍산읍),36.5827382,128.5628901,36.5825312,128.5635563,안동시,114,segment,0.0,가로수길 표준데이터 수종분류
A6,풍산태사로(풍산읍),36.5611842,128.6692903,36.5629472,128.6695069,안동시,56,segment,0.0,가로수길 표준데이터 수종분류
A6,풍산태사로(풍산읍),36.5822547,128.5619642,36.5819071,128.5623594,안동시,155,segment,1.0,가로수길 표준데이터 수종분류
A6,농암로(예안면),36.6625554,128.8827594,36.6626671,128.8825385,안동시,257,segment,1.0,가로수길 표준데이터 수종분류
A6,가송길(도산면),36.7628817,128.884941,36.7620951,128.8856832,안동시,128,segment,0.5,가로수길 표준데이터 수종분류
A6,도산서원길(도산면),36.7285072,128.8401785,36.7297146,128.8401737,안동시,205,segment,0.0,가로수길 표준데이터 수종분류
A6,백운로(도산면),36.7416741,128.8382091,36.7414076,128.8385497,안동시,135,segment,1.0,가로수길 표준데이터 수종분류
A6,온천로(도산면),36.771954,128.8113476,36.7716708,128.8115985,안동시,198,segment,0.5,가로수길 표준데이터 수종분류
A6,용수길(도산면),36.7723508,128.8107297,36.7720785,128.8108577,안동시,806,segment,1.0,가로수길 표준데이터 수종분류
A6,월천길(도산면),36.7038823,128.8291288,36.702547,128.8304175,안동시,99,segment,0.5,가로수길 표준데이터 수종분류
A6,월천길(도산면),36.6980575,128.833511,36.6980378,128.8336224,안동시,142,segment,1.0,가로수길 표준데이터 수종분류
A6,녹전로(녹전면),36.7325123,128.7788538,36.7672297,128.7538421,안동시,165,segment,1.0,가로수길 표준데이터 수종분류
A6,녹전로(녹전면),36.76744,128.75315,36.74627,128.76969,안동시,314,segment,0.5,가로수길 표준데이터 수종분류
A6,녹지로(녹전면),36.7241511,128.7527387,36.724099,128.7526032,안동시,170,segment,0.0,가로수길 표준데이터 수종분류
A6,녹지로(녹전면),36.7313559,128.7560143,36.7314903,128.7560622,안동시,136,segment,1.0,가로수길 표준데이터 수종분류
A6,녹지로(녹전면),36.7326807,128.7645183,36.7327016,128.764933,안동시,45,segment,1.0,가로수길 표준데이터 수종분류
A6,녹지로(녹전면),36.7273011,128.7541983,36.7285702,128.7548987,안동시,37,segment,1.0,가로수길 표준데이터 수종분류
A6,"원매길, 신매로(녹전면)",36.7861422,128.7464544,36.7865753,128.7470243,안동시,149,segment,0.5,가로수길 표준데이터 수종분류
A6,감애구송로(녹전면),36.7079508,128.7710136,36.706488,128.770622,안동시,119,segment,1.0,가로수길 표준데이터 수종분류
A6,예봉로(녹전면),36.8101762,128.7486027,36.8093772,128.7484052,안동시,84,segment,0.0,가로수길 표준데이터 수종분류
A6,"맑은샘길(천리동,운흥동)",36.5612801,128.7264451,36.5613499,128.726603,안동시,20,segment,0.0,가로수길 표준데이터 수종분류
A6,"석주로(법흥동,석동동)",36.5641082,128.7438543,36.5659742,128.7468675,안동시,614,segment,0.667,가로수길 표준데이터 수종분류
A6,"서동문로(법흥동,태화동)",36.5661551,128.712044,36.5663046,128.7129297,안동시,202,segment,0.0,가로수길 표준데이터 수종분류
A6,"축제장길(법흥동,옥야동)",36.5590033,128.7212679,36.5598824,128.7252748,안동시,286,segment,0.333,가로수길 표준데이터 수종분류
A6,호반로(상아동),36.5818812,128.763727,36.5824783,128.7641763,안동시,55,segment,0.0,가로수길 표준데이터 수종분류
A6,"퇴계로(천리동,명륜동)",36.5633119,128.7261329,36.5642318,128.7260752,안동시,60,segment,0.0,가로수길 표준데이터 수종분류
A6,영가로(동부동),36.5657858,128.7332361,36.5645177,128.7330737,안동시,44,segment,0.0,가로수길 표준데이터 수종분류
A6,퇴계로(안막동),36.5894681,128.7416539,36.5878581,128.7414613,안동시,407,segment,0.0,가로수길 표준데이터 수종분류
A6,"북순환로(상아동,이천동)",36.5863576,128.7157079,36.5863598,128.7168029,안동시,587,segment,0.5,가로수길 표준데이터 수종분류
A6,상아길(안막동),36.5823603,128.7372488,36.5823672,128.7373942,안동시,25,segment,0.0,가로수길 표준데이터 수종분류
A6,전거리2길(용상동),36.5606625,128.7441119,36.5584037,128.7476128,안동시,126,segment,0.0,가로수길 표준데이터 수종분류
A6,전거리8길(용상동),36.5565562,128.7457954,36.560313,128.7495099,안동시,106,segment,0.0,가로수길 표준데이터 수종분류
A6,전거리길(용상동),36.5589492,128.7417391,36.5592589,128.7421258,안동시,25,segment,1.0,가로수길 표준데이터 수종분류
A6,경동로(용상동),36.5621179,128.7462445,36.5617498,128.7467723,안동시,551,segment,0.0,가로수길 표준데이터 수종분류
A6,경동로(용상동),36.5498968,128.7841844,36.5493946,128.7852338,안동시,192,segment,0.0,가로수길 표준데이터 수종분류
A6,관광단지로(용상동),36.5540487,128.7545618,36.5560656,128.7564948,안동시,598,segment,0.0,가로수길 표준데이터 수종분류
A6,반변천교(송천동),36.5489644,128.7844757,36.5475339,128.7849341,안동시,190,segment,1.0,가로수길 표준데이터 수종분류
A6,관광단지로(성곡동),36.5677188,128.7715143,36.5675874,128.7712656,안동시,312,segment,1.0,가로수길 표준데이터 수종분류
A6,성곡천길,36.5548291,128.7498999,36.554194,128.7508126,안동시,42,segment,1.0,가로수길 표준데이터 수종분류
A6,"제비원로(안흥동,옥야동)",36.5592934,128.7211403,36.55964,128.7227229,안동시,45,segment,0.0,가로수길 표준데이터 수종분류
A6,"제비원로(금곡동,서후면)",36.5701009,128.7189786,36.572748,128.7191154,안동시,177,segment,0.0,가로수길 표준데이터 수종분류
A6,"제비원로(옥야동,광석동)",36.570011,128.7189654,36.5688854,128.7189181,안동시,156,segment,0.0,가로수길 표준데이터 수종분류
A6,배움길(당북동),36.5610247,128.7166776,36.5610686,128.7180077,안동시,23,segment,1.0,가로수길 표준데이터 수종분류
A6,강변마을1길(태화동),36.5583326,128.7152889,36.5583638,128.7162502,안동시,35,segment,0.5,가로수길 표준데이터 수종분류
A6,강변마을길2길(태화동),36.5591476,128.7168818,36.5592272,128.7176095,안동시,30,segment,1.0,가로수길 표준데이터 수종분류
A6,"단원로(율세동,평화동)",36.5700902,128.7191012,36.5700587,128.7212787,안동시,263,segment,0.5,가로수길 표준데이터 수종분류
A6,"안기천로(평화동,태화동)",36.5578204,128.7145628,36.5583031,128.7148304,안동시,233,segment,0.0,가로수길 표준데이터 수종분류
A6,"육사로(태화동,법흥동)",36.5639149,128.7435149,36.5628351,128.7415695,안동시,1519,segment,0.333,가로수길 표준데이터 수종분류
A6,"말구리길(태화동,옥동)",36.5681341,128.7078765,36.5679819,128.7078061,안동시,95,segment,0.0,가로수길 표준데이터 수종분류
A6,"옥명2길(옥동,태화동)",36.5706315,128.704625,36.5670092,128.7033726,안동시,64,segment,0.0,가로수길 표준데이터 수종분류
A6,태화중앙로(태화동),36.5634491,128.7147543,36.5625719,128.7143551,안동시,124,segment,0.0,가로수길 표준데이터 수종분류
A6,"태화중앙로, 서경지5길(태화동)",36.5586927,128.7146826,36.5586966,128.7144147,안동시,106,segment,0.0,가로수길 표준데이터 수종분류
A6,감나무길(태화동),36.5676301,128.7090941,36.5699639,128.7097152,안동시,91,segment,0.0,가로수길 표준데이터 수종분류
A6,"단원로(평화동,태화동)",36.5709127,128.7051227,36.5711146,128.7054958,안동시,141,segment,0.0,가로수길 표준데이터 수종분류
A6,"제비원로(안기동,이천동)",36.5795877,128.7165524,36.5823465,128.7151834,안동시,345,segment,0.0,가로수길 표준데이터 수종분류
A6,마지락길,36.5751266,128.7197491,36.5749966,128.7206399,안동시,10,segment,1.0,가로수길 표준데이터 수종분류
A6,옥동4길(옥동),36.5622183,128.7013015,36.5619323,128.7017644,안동시,20,segment,1.0,가로수길 표준데이터 수종분류
A6,"경북대로(태화동,송현동)",36.5717711,128.6973779,36.5700513,128.6972956,안동시,280,segment,0.0,가로수길 표준데이터 수종분류
A6,옥서1길(옥동),36.5607102,128.6907695,36.5615398,128.6977013,안동시,108,segment,1.0,가로수길 표준데이터 수종분류
A6,옥서2길(옥동),36.5611609,128.6952023,36.5589565,128.6956121,안동시,53,segment,0.0,가로수길 표준데이터 수종분류
A6,옥서3길(옥동),36.5610778,128.6940724,36.5589095,128.694483,안동시,69,segment,0.0,가로수길 표준데이터 수종분류
A6,옥서4길(옥동),36.5608517,128.6928612,36.5605175,128.6929209,안동시,70,segment,0.0,가로수길 표준데이터 수종분류
A6,옥서5길(옥동),36.5606555,128.690813,36.5579613,128.6914579,안동시,51,segment,1.0,가로수길 표준데이터 수종분류
A6,옥서로(옥동),36.5647901,128.6972363,36.5593507,128.6983012,안동시,175,segment,0.5,가로수길 표준데이터 수종분류
A6,광명로(옥동),36.5595206,128.6983943,36.5595983,128.6986305,안동시,79,segment,1.0,가로수길 표준데이터 수종분류
A6,"경북대로(옥동,태화동)",36.5578176,128.7040754,36.5575757,128.7039807,안동시,179,segment,0.0,가로수길 표준데이터 수종분류
A6,"하이마로(옥동,송현동)",36.5738944,128.6778751,36.573624,128.6778804,안동시,1716,segment,0.333,가로수길 표준데이터 수종분류
A6,광명로(옥동),36.5576546,128.6851186,36.5577899,128.6914765,안동시,243,segment,0.0,가로수길 표준데이터 수종분류
A6,복주4길(옥동),36.5637849,128.6975941,36.563897,128.6985795,안동시,47,segment,1.0,가로수길 표준데이터 수종분류
A6,복주길(옥동),36.5640976,128.6990418,36.563315,128.6995832,안동시,39,segment,1.0,가로수길 표준데이터 수종분류
A6,"광명로(태화동,옥동)",36.5634203,128.7029363,36.5635314,128.7033632,안동시,130,segment,0.0,가로수길 표준데이터 수종분류
A6,국도5호선 가로수길(의성),36.356691,128.694011,36.384881,128.675991,의성군,299,segment,0.0,가로수길 표준데이터 수종분류
A6,국도28호선 가로수길(의성-금성),36.343801,128.698841,36.216411,128.673111,의성군,249,segment,0.0,가로수길 표준데이터 수종분류
A6,지방도912호선 가로수길(의성-사곡),36.350411,128.710941,36.304861,128.801691,의성군,1330,segment,0.5,가로수길 표준데이터 수종분류
A6,지방도914호선 가로수길(의성-옥산),36.366311,128.724661,36.437491,128.833861,의성군,809,segment,1.0,가로수길 표준데이터 수종분류
A6,단촌 구계 고운사 진입로,36.460071,128.706681,36.456741,128.736111,의성군,378,segment,0.5,가로수길 표준데이터 수종분류
A6,문소1길 의성공고 앞,36.357271,128.698981,36.354981,128.699161,의성군,36,segment,0.0,가로수길 표준데이터 수종분류
A6,국도5호선 가로수길(봉양),36.289961,128.575471,36.299621,128.574481,의성군,279,segment,1.0,가로수길 표준데이터 수종분류
A6,북원3길 119안전센터 앞,36.357791,128.698921,36.359901,128.698091,의성군,24,segment,0.0,가로수길 표준데이터 수종분류
A6,북원3길 의성여고 앞,36.358591,128.693221,36.360991,128.697511,의성군,42,segment,1.0,가로수길 표준데이터 수종분류
A6,국도28호선 가로수길(봉양-다인),36.30219048,128.5761387,36.43664923,128.3778396,의성군,3100,segment,1.0,가로수길 표준데이터 수종분류
A6,낙동면 낙동리~장곡리,36.35958,128.298894,36.349719,128.281291,상주시,216,segment,1.0,가로수길 표준데이터 수종분류
A6,내서면 노류리,36.375953,128.029304,36.363671,128.038997,상주시,165,segment,1.0,가로수길 표준데이터 수종분류
A6,낙동면 비룡리,36.336059,128.217167,36.330047,128.211998,상주시,90,segment,1.0,가로수길 표준데이터 수종분류
A6,공성면 영오리,36.263761,128.081312,36.250037,128.075186,상주시,200,segment,1.0,가로수길 표준데이터 수종분류
A6,지방도919호선,35.758164,128.879983,38.959372,128.831521,경산시,5161,segment,0.714,가로수길 표준데이터 수종분류
A6,지방도925호선,35.750854,128.788661,35.782691,128.794923,경산시,1276,segment,0.4,가로수길 표준데이터 수종분류
A6,군도4호선,35.769961,128.897903,35.810521,128.931733,경산시,345,segment,0.667,가로수길 표준데이터 수종분류
A6,군도8호선,35.757795,128.753391,35.788929,128.731815,경산시,644,segment,0.5,가로수길 표준데이터 수종분류
A6,군도14호선,35.879974,128.837981,35.901249,128.825962,경산시,585,segment,0.5,가로수길 표준데이터 수종분류
A6,사동2택지지구,35.795832,128.801669,35.807587,128.741861,경산시,2173,segment,0.5,가로수길 표준데이터 수종분류
A6,신대부적지구,35.835157,128.768327,35.844181,128.763634,경산시,669,segment,0.667,가로수길 표준데이터 수종분류
A6,"진량1, 3산단",35.856123,128.821895,35.878742,128.837211,경산시,3022,segment,0.4,가로수길 표준데이터 수종분류
A6,하양지식산단,35.932188,128.828768,35.935056,128.812951,경산시,1850,segment,0.333,가로수길 표준데이터 수종분류
A6,하양 택지지구,35.916341,128.813271,35.916651,128.800872,경산시,380,segment,0.5,가로수길 표준데이터 수종분류
A6,진량4산단,35.853694,128.846613,35.878671,128.837917,경산시,2879,segment,0.2,가로수길 표준데이터 수종분류
A6,하양읍내,35.909895,128.813742,35.932761,128.830407,경산시,1549,segment,0.5,가로수길 표준데이터 수종분류
A6,진량읍내,35.852627,128.805136,35.893979,128.852958,경산시,1934,segment,0.5,가로수길 표준데이터 수종분류
A6,압량읍내,35.843212,128.846201,35.863657,128.766659,경산시,185,segment,0.5,가로수길 표준데이터 수종분류
A6,자인면내,35.815587,128.818423,35.848308,128.803932,경산시,1121,segment,0.5,가로수길 표준데이터 수종분류
A6,용성면내,35.793784,128.858141,35.792996,128.874728,경산시,369,segment,1.0,가로수길 표준데이터 수종분류
A6,와촌면내,35.933774,128.831351,35.986747,128.740365,경산시,1138,segment,0.6,가로수길 표준데이터 수종분류
A6,남산면내,35.792306,128.838661,35.794031,128.857432,경산시,230,segment,0.333,가로수길 표준데이터 수종분류
A6,동지역,35.827808,128.710669,35.815946,128.764829,경산시,9051,segment,0.4,가로수길 표준데이터 수종분류
A6,실내체육관뒤~아리랑고개,36.432491,128.165765,36.435721,128.162811,상주시,77,segment,0.0,가로수길 표준데이터 수종분류
A6,귀빈예식장~삼백조경,36.420923,128.162667,36.421114,128.162462,상주시,38,segment,0.0,가로수길 표준데이터 수종분류
A6,후천교~강변햇빛마을,36.428536,128.159675,36.426083,128.164983,상주시,96,segment,1.0,가로수길 표준데이터 수종분류
A6,대림강변타운~계룡교,36.424939,128.167521,36.422276,128.173544,상주시,76,segment,1.0,가로수길 표준데이터 수종분류
A6,초산2동입구~중덕저수지,36.447799,128.188632,36.448133,128.183255,상주시,95,segment,1.0,가로수길 표준데이터 수종분류
A6,후천교~소방서,36.426671,128.158853,36.419924,128.159296,상주시,115,segment,0.0,가로수길 표준데이터 수종분류
A6,운동장진입로,36.431943,128.159303,36.431896,128.159677,상주시,14,segment,0.0,가로수길 표준데이터 수종분류
A6,귀빈예식장~제일은행,36.421022,128.158587,36.421117,128.162468,상주시,53,segment,0.0,가로수길 표준데이터 수종분류
A6,한국통신대학~동보고층아파트,36.422169,128.155495,36.422193,128.156184,상주시,43,segment,0.0,가로수길 표준데이터 수종분류
A6,공검 치안센터-공검중학교입구,36.510972,128.153773,36.498994,128.133384,상주시,150,segment,1.0,가로수길 표준데이터 수종분류
A6,공검면 역곡리,36.533242,128.170374,36.535292,128.171155,상주시,145,segment,1.0,가로수길 표준데이터 수종분류
A6,공검면 역곡리,36.529754,128.172018,36.532633,128.170333,상주시,56,segment,1.0,가로수길 표준데이터 수종분류
A6,공성교-공성보건소,36.285066,128.092715,36.286246,128.091467,상주시,107,segment,1.0,가로수길 표준데이터 수종분류
A6,공성농협 농기계수리~모동면계(천지상판휴게소),38.282608,128.088689,36.296947,128.018685,상주시,1272,segment,1.0,가로수길 표준데이터 수종분류
A6,낙동 운평리,36.369336,128.227132,36.704553,128.232864,상주시,70,segment,1.0,가로수길 표준데이터 수종분류
A6,상주여자중학교내,36.410897,128.160372,36.411623,128.159943,상주시,24,segment,0.0,가로수길 표준데이터 수종분류
A6,상영초등학교내,36.409134,128.160523,36.408536,128.160052,상주시,24,segment,0.0,가로수길 표준데이터 수종분류
A6,삼백주유소~무양청사사거리,36.400117,128.149634,36.416198,128.151334,상주시,266,segment,1.0,가로수길 표준데이터 수종분류
A6,삼백주유소~무양청사사거리,36.399695,128.149616,36.416196,128.151343,상주시,87,segment,0.0,가로수길 표준데이터 수종분류
A6,화개교~상주원예농협,36.418842,128.185701,36.416163,128.172644,상주시,147,segment,0.0,가로수길 표준데이터 수종분류
A6,패밀리마트(무양중앙점)~축협사거리,36.418434,128.155075,36.418892,128.159179,상주시,70,segment,0.0,가로수길 표준데이터 수종분류
A6,패밀리마트(무양중앙점)~버스터미널,36.418434,128.155075,36.418414,128.153264,상주시,55,segment,0.0,가로수길 표준데이터 수종분류
A6,축협사거리~복룡지하차도,36.418875,128.159095,36.419523,128.163537,상주시,87,segment,0.0,가로수길 표준데이터 수종분류
A6,상락유치원~상주원예농협,36.418972,128.173771,36.418139,128.152562,상주시,49,segment,0.0,가로수길 표준데이터 수종분류
A6,상주보~상하수도사업소,36.435432,128.246033,36.436397,158.239748,상주시,160,segment,1.0,가로수길 표준데이터 수종분류
A6,모서삼포순환로,36.350466,127.955244,36.341713,127.966024,상주시,270,segment,0.0,가로수길 표준데이터 수종분류
A6,계산동 메타세콰이어,36.432818,128.158517,36.432747,128.149975,상주시,77,segment,0.0,가로수길 표준데이터 수종분류
A6,세천~봉강교,36.395325,127.940802,36.470169,128.141862,상주시,370,segment,1.0,가로수길 표준데이터 수종분류
A6,상주곶감공원진입로,36.369745,128.104497,36.374995,128.104531,상주시,55,segment,0.0,가로수길 표준데이터 수종분류
A6,외서 우산재,36.485649,128.088803,36.486823,128.080866,상주시,108,segment,1.0,가로수길 표준데이터 수종분류
A6,중동면 우물리,36.402435,128.317067,36.404064,128.316987,상주시,25,segment,1.0,가로수길 표준데이터 수종분류
A6,함창 구향,36.568468,128.176679,36.565458,128.180111,상주시,74,segment,0.0,가로수길 표준데이터 수종분류
A6,화동중화로,36.395325,127.940802,36.385634,127.954052,상주시,60,segment,0.0,가로수길 표준데이터 수종분류
A6,함창 수양뽕,36.575947,128.167913,36.582242,128.178655,상주시,98,segment,0.0,가로수길 표준데이터 수종분류
A6,화서 상곡리-하송리,36.449875,127.986965,36.446613,127.975096,상주시,1200,segment,1.0,가로수길 표준데이터 수종분류
A6,낙동 운평리,36.369327,128.227126,36.369777,128.218163,상주시,54,segment,1.0,가로수길 표준데이터 수종분류
A6,함창 하길리,36.525635,128.246922,36.522778,128.246334,상주시,16,segment,1.0,가로수길 표준데이터 수종분류
A6,양정2교~양정3길 113-10,36.511382,128.154771,36.499033,128.133287,상주시,190,segment,1.0,가로수길 표준데이터 수종분류
A6,은척 하흘  185-1~하흘리 4일원,36.520158,128.085439,36.517735,128.083787,상주시,446,segment,1.0,가로수길 표준데이터 수종분류
A6,은척 하흘  185-1~하흘리 5일원,36.518433,128.097146,36.519471,128.310153,상주시,3260,segment,0.0,가로수길 표준데이터 수종분류
A6,사벌 충의로,36.445544,128.213465,36.446481,128.219332,상주시,118,segment,1.0,가로수길 표준데이터 수종분류
A6,모서-황간경계 ~ 모서면 호음리 일원,36.277952,127.860413,36.319103,127.885604,상주시,640,segment,1.0,가로수길 표준데이터 수종분류
A6,현대자동차상주삼백대리점 ~ 무양동 20-3 일원,36.418367,128.150427,36.418305,128.147872,상주시,36,segment,0.0,가로수길 표준데이터 수종분류
A6,공검면 화동리,36.517626,128.167672,36.518454,128.172193,상주시,80,segment,1.0,가로수길 표준데이터 수종분류
A6,함창 신흥리,36.550302,128.178487,36.546001,128.192552,상주시,288,segment,1.0,가로수길 표준데이터 수종분류
A6,이안면 문창리,36.588971,128.132867,36.583894,128.136841,상주시,65,segment,1.0,가로수길 표준데이터 수종분류
A6,장천교~상주 낙동 야구장,36.399743,128.252655,36.406215,128.261015,상주시,135,segment,0.0,가로수길 표준데이터 수종분류
A6,후천교~상산교,36.427058,128.159425,36.423599,128.165964,상주시,13050,segment,0.0,가로수길 표준데이터 수종분류
A6,분황1교~백두점사거리 구간,36.394798,128.259246,36.388995,128.256462,상주시,110,segment,1.0,가로수길 표준데이터 수종분류
A6,외서면 우산리 291-1번지 일원,36.479471,128.066903,36.466702,128.041687,상주시,300,segment,1.0,가로수길 표준데이터 수종분류
A6,함창읍 하갈리 954-64~954-56,36.534077,128.251985,36.527416,128.232082,상주시,150,segment,1.0,가로수길 표준데이터 수종분류
A6,모서면 호음리 563-1번지 일원,36.287286,127.860091,36.288805,127.860795,상주시,77,segment,1.0,가로수길 표준데이터 수종분류
A6,모서 백학리~득수리,36.32005,127.886545,36.33335,127.899858,상주시,200,segment,1.0,가로수길 표준데이터 수종분류
A6,화동 이소4리,36.388333,127.960816,36.39576,127.96503,상주시,76,segment,1.0,가로수길 표준데이터 수종분류
A6,외서면 우산리,36.487331,128.068499,36.494624,128.069491,상주시,97,segment,1.0,가로수길 표준데이터 수종분류
A6,화남면 동관리~평온리,36.480251,127.913236,36.448272,127.905617,상주시,150,segment,0.0,가로수길 표준데이터 수종분류
A6,모서면 삼포리~도안리,36.336041,127.968498,36.328264,127.966621,상주시,114,segment,1.0,가로수길 표준데이터 수종분류
A6,낙동면 상촌리,36.383948,128.254963,36.38168,128.252903,상주시,72,segment,1.0,가로수길 표준데이터 수종분류
A6,풍산태사로(풍산읍),36.5863916,128.5529192,36.5846935,128.5594436,안동시,118,segment,1.0,가로수길 표준데이터 수종분류
A6,죽전길(풍산읍),36.5936727,128.593817,36.5953332,128.5942981,안동시,119,segment,0.0,가로수길 표준데이터 수종분류
A6,새터길(풍산읍),36.5893079,128.5662406,36.58836,128.5650035,안동시,40,segment,1.0,가로수길 표준데이터 수종분류
A6,감애구송로(와룡면),36.7177565,128.7774726,36.7176436,128.7771902,안동시,663,segment,0.0,가로수길 표준데이터 수종분류
A6,감애주하길(와룡면),36.6505843,128.7459593,36.6507338,128.7462087,안동시,177,segment,0.0,가로수길 표준데이터 수종분류
A6,농암로(와룡면),36.6357542,128.8021721,36.6353988,128.8018396,안동시,39,segment,1.0,가로수길 표준데이터 수종분류
A6,은행나무로(송현동),36.5650671,128.6846988,36.5671981,128.6926423,안동시,177,segment,0.0,가로수길 표준데이터 수종분류
A6,옥동상록공원,36.5608441,128.6908618,36.5614763,128.6907527,안동시,181,segment,1.0,가로수길 표준데이터 수종분류
A6,옥서로(옥동),36.5592965,128.6983112,36.5557724,128.6990159,안동시,176,segment,1.0,가로수길 표준데이터 수종분류
A6,옥서로(옥동),36.5671772,128.6928429,36.5669215,128.6930831,안동시,34,segment,1.0,가로수길 표준데이터 수종분류
A6,경동로(송현동),36.5739852,128.6873948,36.5738294,128.6875813,안동시,34,segment,0.0,가로수길 표준데이터 수종분류
A6,경동로(송현동),36.5643418,128.7432788,36.56437,128.7432012,안동시,895,segment,0.0,가로수길 표준데이터 수종분류
A6,경북대로(송하동),36.5867832,128.6998407,36.5846624,128.698811,안동시,408,segment,0.0,가로수길 표준데이터 수종분류
A6,옥서로(송현동),36.5726806,128.6910752,36.5680908,128.691958,안동시,135,segment,1.0,가로수길 표준데이터 수종분류
A6,경북대로(수상동),36.5482883,128.7012976,36.5459167,128.7026974,안동시,35,segment,0.0,가로수길 표준데이터 수종분류
A6,"강남로, 경북대로(정하동,수상동)",36.5386673,128.699892,36.5392244,128.6993683,안동시,130,segment,0.0,가로수길 표준데이터 수종분류
A6,강남1길(정하동),36.5533329,128.7320421,36.5505248,128.7324485,안동시,57,segment,0.0,가로수길 표준데이터 수종분류
A6,강남1길(정하동),36.5507108,128.735144,36.5503137,128.735191,안동시,26,segment,0.0,가로수길 표준데이터 수종분류
A6,강남1길(정하동),36.5503803,128.7324676,36.5489898,128.732671,안동시,16,segment,0.0,가로수길 표준데이터 수종분류
A6,강남1길(정하동),36.5502188,128.7299401,36.5491807,128.7300733,안동시,129,segment,0.0,가로수길 표준데이터 수종분류
A6,강남2길(정하동),36.5518146,128.7323544,36.5521573,128.7360475,안동시,52,segment,0.0,가로수길 표준데이터 수종분류
A6,강남2길(정하동),36.5511786,128.7351991,36.5512165,128.7356914,안동시,19,segment,0.0,가로수길 표준데이터 수종분류
A6,강남5길(정하동),36.5485145,128.7263062,36.5493656,128.7272632,안동시,178,segment,0.0,가로수길 표준데이터 수종분류
A6,강남5길(정하동),36.5520377,128.7349838,36.5508189,128.7351464,안동시,19,segment,0.0,가로수길 표준데이터 수종분류
A6,강남9길(정하동),36.5488446,128.7358393,36.5473142,128.7351239,안동시,26,segment,1.0,가로수길 표준데이터 수종분류
A6,강남14길(정하동),36.5525613,128.7367712,36.5508823,128.7369793,안동시,106,segment,0.0,가로수길 표준데이터 수종분류
A6,강남로(정상동),36.5500098,128.7504278,36.5485414,128.7534769,안동시,83,segment,1.0,가로수길 표준데이터 수종분류
A6,강남로(정하동),36.5537491,128.7356363,36.5535366,128.7347605,안동시,219,segment,1.0,가로수길 표준데이터 수종분류
A6,공단로(수상동),36.5486342,128.7016849,36.5491182,128.7024996,안동시,156,segment,0.5,가로수길 표준데이터 수종분류
A6,"앙실로(수상동,수하동)",36.5410363,128.688532,36.5413049,128.6899224,안동시,165,segment,0.0,가로수길 표준데이터 수종분류
A6,문화마을길(와룡면),36.6174383,128.768393,36.6183137,128.7683012,안동시,62,segment,0.5,가로수길 표준데이터 수종분류
A6,태리이하로(와룡면),36.6101934,128.7489151,36.6102274,128.7502794,안동시,231,segment,1.0,가로수길 표준데이터 수종분류
A6,이하오산로(와룡면),36.6158214,128.7144382,36.6155865,128.7151036,안동시,530,segment,0.5,가로수길 표준데이터 수종분류
A6,장수골길(와룡면),36.6395694,128.7755176,36.6395422,128.7761319,안동시,151,segment,1.0,가로수길 표준데이터 수종분류
A6,자양벚꽃100리길,36.0684224,129.0093769,36.107353,129.071097,영천시,1828,segment,1.0,가로수길 표준데이터 수종분류
A6,보현 별빛로 왕벚나무길,36.1172059,128.9574029,36.105252,129.068286,영천시,966,segment,1.0,가로수길 표준데이터 수종분류
A6,영천산단로,35.9121891,128.9592353,35.9107609,128.9565349,영천시,1182,segment,0.5,가로수길 표준데이터 수종분류
A6,용담로 무궁화길,35.970014,129.111734,35.967041,129.113137,영천시,650,segment,1.0,가로수길 표준데이터 수종분류
A6,자양벚꽃100리길,36.066755,129.061296,36.057523,129.013161,영천시,620,segment,1.0,가로수길 표준데이터 수종분류
A6,칠백로 이팝길,35.933752,128.935981,35.917678,128.928778,영천시,438,segment,1.0,가로수길 표준데이터 수종분류
A6,청통로,36.001199,128.884459,35.995599,128.817905,영천시,882,segment,0.5,가로수길 표준데이터 수종분류
A6,포은로 은행나무길,36.0300549,128.9751654,36.054341,129.007032,영천시,581,segment,0.0,가로수길 표준데이터 수종분류
A6,용담로 벚나무길,35.965071,129.112465,35.922315,129.126538,영천시,496,segment,1.0,가로수길 표준데이터 수종분류
A6,대경로 소나무,35.937214,128.889092,35.938931,128.944612,영천시,426,segment,0.0,가로수길 표준데이터 수종분류
A6,운주로 이팝나무,36.014371,128.980708,36.033582,129.008711,영천시,377,segment,1.0,가로수길 표준데이터 수종분류
A6,호국로 배롱나무길,35.983844,129.105667,35.979462,128.971267,영천시,1118,segment,1.0,가로수길 표준데이터 수종분류
A6,대전교차로~신덕교차로,35.985211,128.900811,36.035279,128.791553,영천시,971,segment,1.0,가로수길 표준데이터 수종분류
A6,장천길 메타세콰이아,35.967002,128.962482,35.975806,128.966281,영천시,145,segment,0.0,가로수길 표준데이터 수종분류
A6,은해사 벚꽃길,35.993107,128.801747,36.005945,128.812536,영천시,414,segment,1.0,가로수길 표준데이터 수종분류
A6,금송로,36.028047,128.797021,35.967531,128.821903,영천시,949,segment,1.0,가로수길 표준데이터 수종분류
A6,포은로,35.984361,128.964411,36.013512,128.979741,영천시,732,segment,0.0,가로수길 표준데이터 수종분류
A6,천문로,36.134731,128.944311,36.141541,128.936441,영천시,232,segment,0.0,가로수길 표준데이터 수종분류
A6,삼산길,35.971762,128.937561,35.671761,128.937562,영천시,133,segment,1.0,가로수길 표준데이터 수종분류
A6,중앙동1길,35.974961,128.932731,35.974962,128.932731,영천시,31,segment,1.0,가로수길 표준데이터 수종분류
A6,지동~적성 가로수길,36.643021,128.063811,36.645161,128.062423,문경시,43,segment,1.0,가로수길 표준데이터 수종분류
A6,지동~적성 가로수길,36.693221,128.117811,36.686321,128.108623,문경시,153,segment,0.0,가로수길 표준데이터 수종분류
A6,지동~적성 가로수길,36.602071,128.004911,36.604581,128.007252,문경시,167,segment,0.0,가로수길 표준데이터 수종분류
A6,유곡~불정 가로수길,36.633831,128.147811,36.622083,128.126374,문경시,244,segment,1.0,가로수길 표준데이터 수종분류
A6,대하~갈평 가로수길,36.675611,128.263211,36.788894,128.177741,문경시,350,segment,0.0,가로수길 표준데이터 수종분류
A6,왕릉~완장 가로수길,36.643351,128.068511,36.638053,128.076285,문경시,199,segment,0.0,가로수길 표준데이터 수종분류
A6,왕릉~완장 가로수길,36.642541,128.074711,36.643923,128.066801,문경시,265,segment,0.0,가로수길 표준데이터 수종분류
A6,왕릉~완장 가로수길,36.642542,128.074711,36.643927,128.066777,문경시,270,segment,0.0,가로수길 표준데이터 수종분류
A6,산양 불암~동로인곡 가로수길,36.694231,128.311311,36.722872,128.305485,문경시,880,segment,1.0,가로수길 표준데이터 수종분류
A6,산양 불암~동로인곡 가로수길,36.738311,128.142211,36.731262,128.132901,문경시,62,segment,0.0,가로수길 표준데이터 수종분류
A6,산양 불암~동로인곡 가로수길,36.612021,128.260111,36.656566,128.261201,문경시,50,segment,0.0,가로수길 표준데이터 수종분류
A6,농암 내서~모전 가로수길,36.607851,127.997611,36.571543,127.976774,문경시,693,segment,1.0,가로수길 표준데이터 수종분류
A6,농암 내서~모전 가로수길,36.575781,128.038111,36.584134,128.019385,문경시,255,segment,1.0,가로수길 표준데이터 수종분류
A6,농암 내서~모전 가로수길,36.606761,128.015511,36.605517,128.007874,문경시,109,segment,0.0,가로수길 표준데이터 수종분류
A6,농암 내서~모전 가로수길,36.575781,128.038111,36.584132,128.019385,문경시,170,segment,0.0,가로수길 표준데이터 수종분류
A6,시민운동장~가선교 가로수길,36.594211,128.188611,36.586967,128.019341,문경시,250,segment,1.0,가로수길 표준데이터 수종분류
A6,시민운동장~가선교 가로수길,36.594211,128.188611,36.586968,128.192144,문경시,164,segment,0.0,가로수길 표준데이터 수종분류
A6,시민운동장~가선교 가로수길,36.595991,128.202511,36.597012,128.200314,문경시,33,segment,0.0,가로수길 표준데이터 수종분류
A6,시민운동장~가선교 가로수길,36.601241,128.205311,36.603042,128.201425,문경시,75,segment,0.0,가로수길 표준데이터 수종분류
A6,석봉삼거리~김용사 가로수길,36.726511,128.200911,36.716063,128.231852,문경시,74,segment,0.0,가로수길 표준데이터 수종분류
A6,신현제방로 외 가로수길,36.664371,128.122211,36.668923,128.123174,문경시,170,segment,1.0,가로수길 표준데이터 수종분류
A6,신현제방로 외 가로수길,36.663511,128.121511,36.654264,128.116274,문경시,320,segment,1.0,가로수길 표준데이터 수종분류
A6,신현제방로 외 가로수길,36.691961,128.144711,36.688652,128.127785,문경시,345,segment,0.0,가로수길 표준데이터 수종분류
A6,산양 반곡~호계견탄 가로수길,36.612141,128.220611,36.642184,128.154521,문경시,305,segment,1.0,가로수길 표준데이터 수종분류
A6,산양 반곡~호계견탄 가로수길,36.612141,128.220611,36.642187,128.154211,문경시,100,segment,1.0,가로수길 표준데이터 수종분류
A6,산양 반곡~호계견탄 가로수길,36.612141,128.220611,36.642182,128.154211,문경시,196,segment,0.0,가로수길 표준데이터 수종분류
A6,산양 반곡~호계견탄 가로수길,36.612141,128.220611,36.642187,128.154211,문경시,106,segment,0.0,가로수길 표준데이터 수종분류
A6,산양 반곡~호계견탄 가로수길,36.612141,128.220611,36.642183,128.154523,문경시,168,segment,0.0,가로수길 표준데이터 수종분류
A6,산양 반곡~호계견탄 가로수길,36.612141,128.220611,36.642185,128.154232,문경시,448,segment,0.0,가로수길 표준데이터 수종분류
A6,산양 반곡~호계견탄 가로수길,36.634411,128.204811,36.635957,128.204524,문경시,30,segment,0.0,가로수길 표준데이터 수종분류
A6,하초~진안 가로수길,36.734351,128.091611,36.768411,128.074524,문경시,253,segment,0.0,가로수길 표준데이터 수종분류
A6,하초~진안 가로수길,36.734351,128.091611,36.768412,128.074523,문경시,73,segment,1.0,가로수길 표준데이터 수종분류
A6,하초~진안 가로수길,36.734351,128.091611,36.768413,128.074412,문경시,241,segment,0.0,가로수길 표준데이터 수종분류
A6,하초~진안 가로수길,36.734351,128.091611,36.768414,128.074523,문경시,419,segment,1.0,가로수길 표준데이터 수종분류
A6,하초~진안 가로수길,36.734351,128.091611,36.768414,128.074856,문경시,68,segment,0.0,가로수길 표준데이터 수종분류
A6,하초~진안 가로수길,36.734351,128.091611,36.768413,128.074854,문경시,20,segment,0.0,가로수길 표준데이터 수종분류
A6,하리~남호 가로수길,36.655841,128.056111,36.671277,127.986811,문경시,240,segment,1.0,가로수길 표준데이터 수종분류
A6,영신숲 외 가로수길,36.590774,128.180611,36.591821,128.188652,문경시,159,segment,1.0,가로수길 표준데이터 수종분류
A6,영신숲 외 가로수길,36.602055,128.210911,36.574291,128.215585,문경시,492,segment,1.0,가로수길 표준데이터 수종분류
A6,영신숲 외 가로수길,36.572133,128.215111,36.589923,128.212974,문경시,313,segment,1.0,가로수길 표준데이터 수종분류
A6,영신숲 외 가로수길,36.601631,128.200511,36.606432,128.204774,문경시,118,segment,0.0,가로수길 표준데이터 수종분류
A6,영신숲 외 가로수길,36.595324,128.199311,36.607745,128.206685,문경시,302,segment,0.0,가로수길 표준데이터 수종분류
A6,영신숲 외 가로수길,36.586751,128.191711,36.587682,128.181601,문경시,470,segment,0.0,가로수길 표준데이터 수종분류
A6,영신숲 외 가로수길,36.602051,128.210911,36.574292,128.215552,문경시,81,segment,0.0,가로수길 표준데이터 수종분류
A6,영신숲 외 가로수길,36.602052,128.210911,36.574294,128.215541,문경시,10,segment,0.0,가로수길 표준데이터 수종분류
A6,유곡~별암 가로수길,36.633132,128.177411,36.626371,128.171312,문경시,349,segment,1.0,가로수길 표준데이터 수종분류
A6,유곡~별암 가로수길,36.633131,128.177411,36.626371,128.171312,문경시,76,segment,0.0,가로수길 표준데이터 수종분류
A6,온천지구 외 가로수길,36.730971,128.108111,36.731037,128.131745,문경시,606,segment,1.0,가로수길 표준데이터 수종분류
A6,온천지구 외 가로수길,36.734857,128.103211,36.735185,128.101645,문경시,210,segment,0.0,가로수길 표준데이터 수종분류
A6,온천지구 외 가로수길,36.751525,128.150311,36.751356,128.153541,문경시,550,segment,1.0,가로수길 표준데이터 수종분류
A6,모전동~각서 가로수길,36.594641,128.188511,36.595892,128.188642,문경시,40,segment,0.0,가로수길 표준데이터 수종분류
A6,모전동~각서 가로수길,36.610141,128.179711,36.611335,128.178242,문경시,49,segment,0.0,가로수길 표준데이터 수종분류
A6,모전동~각서 가로수길,36.747141,128.041311,36.747524,128.036752,문경시,20,segment,0.0,가로수길 표준데이터 수종분류
A6,모전동~각서 가로수길,36.611531,128.178111,36.615932,128.176674,문경시,119,segment,1.0,가로수길 표준데이터 수종분류
A6,모전동~각서 가로수길,36.592111,128.188711,36.594323,128.188585,문경시,25,segment,1.0,가로수길 표준데이터 수종분류
A6,모전동~각서 가로수길,36.649411,128.144111,36.643562,128.132523,문경시,78,segment,1.0,가로수길 표준데이터 수종분류
A6,모전동~각서 가로수길,36.654631,128.128611,36.658261,128.127623,문경시,82,segment,1.0,가로수길 표준데이터 수종분류
A6,모전동~각서 가로수길,36.586471,128.191911,36.584252,128.192352,문경시,50,segment,0.0,가로수길 표준데이터 수종분류
A6,모전동~각서 가로수길,36.626841,128.150411,36.615724,128.170552,문경시,406,segment,0.0,가로수길 표준데이터 수종분류
A6,모전동~각서 가로수길,36.626841,128.150411,36.615725,128.170541,문경시,601,segment,0.0,가로수길 표준데이터 수종분류
A6,모전동~각서 가로수길,36.600631,128.186111,36.619133,128.166344,문경시,102,segment,0.0,가로수길 표준데이터 수종분류
A6,모전동~각서 가로수길,36.599891,128.187611,36.599274,128.188963,문경시,7,segment,0.0,가로수길 표준데이터 수종분류
A6,왕릉2리 하천변 가로수길,36.612591,128.260911,36.630035,128.254652,문경시,262,segment,1.0,가로수길 표준데이터 수종분류
A6,왕릉2리 하천변 가로수길,36.629471,128.254311,36.625514,128.251974,문경시,160,segment,1.0,가로수길 표준데이터 수종분류
A6,왕릉2리 하천변 가로수길,36.633753,128.256211,36.647248,128.256421,문경시,102,segment,1.0,가로수길 표준데이터 수종분류
A6,왕릉2리 하천변 가로수길,36.610732,128.260311,36.621616,128.251721,문경시,100,segment,1.0,가로수길 표준데이터 수종분류
A6,연소리~녹문리 가로수길,36.615581,128.257611,36.648116,128.256121,문경시,45,segment,1.0,가로수길 표준데이터 수종분류
A6,지동~적성 가로수길,36.596291,128.005411,36.598432,128.006356,문경시,70,segment,0.0,가로수길 표준데이터 수종분류
A6,산양 녹문~현리 가로수길,36.615581,128.257611,36.648114,128.256123,문경시,100,segment,1.0,가로수길 표준데이터 수종분류
A6,가은 상괴리 가로수길,36.670061,128.012811,36.680873,128.013923,문경시,30,segment,0.0,가로수길 표준데이터 수종분류
A6,문경 하리~고요리 가로수길,36.724571,128.107911,36.730692,128.107674,문경시,42,segment,1.0,가로수길 표준데이터 수종분류
A6,산양 녹문~현리 가로수길,36.615581,128.257611,36.648112,128.256174,문경시,100,segment,1.0,가로수길 표준데이터 수종분류
A6,모전2교~철길지하도 가로수길,36.590471,128.192111,36.592461,128.191885,문경시,40,segment,1.0,가로수길 표준데이터 수종분류
A6,문경새재 상징문~문경새재 제2주차장 가로수길,36.742581,128.084211,36.755132,128.078874,문경시,15,segment,0.0,가로수길 표준데이터 수종분류
A6,문경새재 상징문~문경새재 제3주차장 가로수길,36.742581,128.084211,36.753512,128.079585,문경시,5,segment,1.0,가로수길 표준데이터 수종분류
A6,시민운동장~문경여중 가로수길,36.592011,128.188811,36.596463,128.190863,문경시,400,segment,1.0,가로수길 표준데이터 수종분류
A6,모전초~고속국도 진입로 가로수길,36.590481,128.180511,36.581654,128.183452,문경시,166,segment,1.0,가로수길 표준데이터 수종분류
A6,진남 봉생교~구랑역 가로수길,36.657981,128.094411,36.671154,128.101574,문경시,135,segment,1.0,가로수길 표준데이터 수종분류
A6,불정교~불정역 가로수길,36.645241,128.147811,36.623244,128.137214,문경시,145,segment,1.0,가로수길 표준데이터 수종분류
A6,모전동~각서 가로수길,36.615931,128.176611,36.619423,128.175463,문경시,70,segment,1.0,가로수길 표준데이터 수종분류
A6,영신숲 외 가로수길,36.602054,128.210911,36.574293,128.215541,문경시,30,segment,0.0,가로수길 표준데이터 수종분류
A6,영신숲 외 가로수길,36.602054,128.210911,36.574293,128.215541,문경시,10,segment,0.0,가로수길 표준데이터 수종분류
A6,과선교~공고삼거리 가로수길,36.586521,128.199811,36.587873,128.202856,문경시,39,segment,1.0,가로수길 표준데이터 수종분류
A6,과선교~공고삼거리 가로수길,36.587871,128.202112,36.589122,128.202885,문경시,50,segment,1.0,가로수길 표준데이터 수종분류
A6,과선교~공고삼거리 가로수길,36.589121,128.202811,36.592322,128.203223,문경시,42,segment,1.0,가로수길 표준데이터 수종분류
A6,간송삼거리~석항1리 가로수길,36.741471,128.315311,36.760852,128.338869,문경시,330,segment,0.0,가로수길 표준데이터 수종분류
A6,현대주유소사거리~시청 가로수길,36.585651,128.187911,36.584512,128.182432,문경시,58,segment,0.0,가로수길 표준데이터 수종분류
A6,윤직교~신흥과선교 가로수길,36.584591,128.195511,36.589113,128.212544,문경시,80,segment,0.0,가로수길 표준데이터 수종분류
A6,윤직교~신흥과선교 가로수길,36.584591,128.195511,36.589113,128.252412,문경시,25000,segment,0.0,가로수길 표준데이터 수종분류
A6,영순교~신영강교 가로수길,36.591481,128.214911,36.598022,128.211856,문경시,8,segment,1.0,가로수길 표준데이터 수종분류
A6,여우목로 가로수길,36.738311,128.142211,36.731261,128.132856,문경시,187,segment,1.0,가로수길 표준데이터 수종분류
A6,하율교~상율교 가로수길,36.583511,128.001911,36.574631,127.991756,문경시,180,segment,1.0,가로수길 표준데이터 수종분류
A6,하내마을쉼터~효자동 가로수길,36.655431,128.097111,36.660952,128.101374,문경시,108,segment,1.0,가로수길 표준데이터 수종분류
A6,지동~적성 가로수길,36.693221,128.117811,36.686325,128.108623,문경시,89,segment,1.0,가로수길 표준데이터 수종분류
A6,모전동~각서 가로수길,36.619011,128.200511,36.613793,128.205252,문경시,44,segment,0.0,가로수길 표준데이터 수종분류
A6,산양 반곡~호계견탄 가로수길,36.638091,128.302111,36.636058,128.303521,문경시,63,segment,1.0,가로수길 표준데이터 수종분류
A6,산양 반곡~호계견탄 가로수길,36.648811,128.306711,36.646449,128.305854,문경시,52,segment,1.0,가로수길 표준데이터 수종분류
A6,산양 반곡~호계견탄 가로수길,36.738761,128.247911,36.737812,128.247752,문경시,9,segment,1.0,가로수길 표준데이터 수종분류
A6,산양 반곡~호계견탄 가로수길,36.661441,128.230211,36.659912,128.230355,문경시,98,segment,1.0,가로수길 표준데이터 수종분류
A6,산양 불암~동로인곡 가로수길,36.618991,128.250311,36.631178,128.245696,문경시,197,segment,1.0,가로수길 표준데이터 수종분류
A6,신현제방로 외 가로수길,36.698791,128.128511,36.688733,128.126263,문경시,72,segment,1.0,가로수길 표준데이터 수종분류
A6,신현제방로 외 가로수길,36.655371,128.096311,36.657472,128.093974,문경시,36,segment,1.0,가로수길 표준데이터 수종분류
A6,왕릉~완장 가로수길,36.611374,128.024111,36.613147,128.027152,문경시,72,segment,1.0,가로수길 표준데이터 수종분류
A6,왕릉~완장 가로수길,36.654074,128.042911,36.655501,128.047122,문경시,54,segment,1.0,가로수길 표준데이터 수종분류
A6,왕릉~완장 가로수길,36.615194,128.028611,36.621093,128.036352,문경시,68,segment,1.0,가로수길 표준데이터 수종분류
A6,영신숲 외 가로수길,36.602054,128.210911,36.574301,128.215552,문경시,72,segment,1.0,가로수길 표준데이터 수종분류
A6,과선교~공고삼거리 가로수길,36.591811,128.204711,36.586523,128.200223,문경시,42,segment,1.0,가로수길 표준데이터 수종분류
A6,하율교~상율교 가로수길,36.551251,128.001311,36.553381,128.001685,문경시,49,segment,1.0,가로수길 표준데이터 수종분류
A6,지동~적성 가로수길,36.693221,128.117811,36.686325,128.108652,문경시,53,segment,1.0,가로수길 표준데이터 수종분류
A6,지동~적성 가로수길,36.693221,128.117811,36.686325,128.108663,문경시,180,segment,1.0,가로수길 표준데이터 수종분류
A6,지동~적성 가로수길,36.693221,128.117811,36.686324,128.108663,문경시,87,segment,1.0,가로수길 표준데이터 수종분류
A6,산양 반곡~호계견탄 가로수길,36.658771,128.228811,36.655975,128.224455,문경시,42,segment,1.0,가로수길 표준데이터 수종분류
A6,유곡~불정 가로수길,36.639111,128.148811,36.636057,128.146974,문경시,38,segment,0.0,가로수길 표준데이터 수종분류
A6,산양 불암~동로인곡 가로수길,36.618991,128.250311,36.631152,128.245685,문경시,87,segment,1.0,가로수길 표준데이터 수종분류
A6,농암 내서~모전 가로수길,36.571031,128.059611,36.575783,128.038163,문경시,52,segment,0.0,가로수길 표준데이터 수종분류
A6,농암 내서~모전 가로수길,36.571031,128.059611,36.575786,128.038185,문경시,66,segment,0.0,가로수길 표준데이터 수종분류
A6,신현제방로 외 가로수길,36.698511,128.116611,36.694391,128.118174,문경시,50,segment,1.0,가로수길 표준데이터 수종분류
A6,모전2교~철길지하도 가로수길,36.588441,128.192511,36.589882,128.192296,문경시,17,segment,1.0,가로수길 표준데이터 수종분류
A6,하율교~상율교 가로수길,36.553381,128.001611,36.555881,128.001874,문경시,50,segment,1.0,가로수길 표준데이터 수종분류
A6,하율교~상율교 가로수길,36.555881,128.001811,36.557653,128.003774,문경시,49,segment,1.0,가로수길 표준데이터 수종분류
A6,지동~적성 가로수길,36.693221,128.117811,36.686326,128.108663,문경시,87,segment,1.0,가로수길 표준데이터 수종분류
A6,지동~적성 가로수길,36.615621,128.032511,36.620612,128.037642,문경시,68,segment,1.0,가로수길 표준데이터 수종분류
A6,산양 불암~동로인곡 가로수길,36.631111,128.245611,36.643051,128.250285,문경시,87,segment,1.0,가로수길 표준데이터 수종분류
A6,농암 내서~모전 가로수길,36.571031,128.059611,36.575787,128.038145,문경시,66,segment,0.0,가로수길 표준데이터 수종분류
A6,농암 내서~모전 가로수길,36.575781,128.038111,36.584138,128.019345,문경시,52,segment,0.0,가로수길 표준데이터 수종분류
A6,하율교~상율교 가로수길,36.557651,128.003711,36.559861,128.005485,문경시,49,segment,1.0,가로수길 표준데이터 수종분류
A6,호계면 가도리 가로수길,36.652012,128.222171,36.639401,128.213652,문경시,252,segment,1.0,가로수길 표준데이터 수종분류
A6,마성면 하내리 가로수길,36.676331,128.102361,36.671821,128.101871,문경시,97,segment,1.0,가로수길 표준데이터 수종분류
A6,산북면 서중리 가로수길,36.634171,128.248521,36.637761,128.249101,문경시,97,segment,1.0,가로수길 표준데이터 수종분류
A6,공평동 배실안길 가로수길,36.613951,128.177681,36.611681,128.178181,문경시,51,segment,0.0,가로수길 표준데이터 수종분류
A6,산양면 현리 가로수길,36.638751,128.253071,36.634921,128.255161,문경시,67,segment,1.0,가로수길 표준데이터 수종분류
A6,마성면 하내리(철로자전거) 가로수길외,36.661911,128.096971,36.661741,128.100501,문경시,67,segment,1.0,가로수길 표준데이터 수종분류
A6,가은읍 완장리 가로수길,36.670811,127.992641,36.671041,127.988411,문경시,50,segment,1.0,가로수길 표준데이터 수종분류
A6,농암면 율수리 가로수길,36.580911,127.999591,36.570851,128.003861,문경시,173,segment,1.0,가로수길 표준데이터 수종분류
A6,마성면 오천리 가로수길,36.689791,128.127071,36.692411,128.127001,문경시,97,segment,1.0,가로수길 표준데이터 수종분류
A6,산북면 가좌리 가로수길,36.775191,128.236751,36.780601,128.224321,문경시,95,segment,1.0,가로수길 표준데이터 수종분류
A6,농암면 사현리 가로수길,36.574281,128.041921,36.573281,128.044211,문경시,33,segment,0.0,가로수길 표준데이터 수종분류
A6,가은읍 갈전리 가로수길,36.640001,128.080001,36.640001,128.080001,문경시,50,segment,0.0,가로수길 표준데이터 수종분류
A6,가은읍 갈전리 가로수길,36.640001,128.080001,36.640001,128.080001,문경시,28,segment,1.0,가로수길 표준데이터 수종분류
A6,가은읍 갈전리 가로수길,36.630001,128.050001,36.630001,128.050001,문경시,24,segment,0.0,가로수길 표준데이터 수종분류
A6,가은읍 갈전리 가로수길,36.630001,128.050001,36.630001,128.050001,문경시,77,segment,1.0,가로수길 표준데이터 수종분류
A6,공평동 가로수길,36.610001,128.180001,36.610001,128.180001,문경시,49,segment,1.0,가로수길 표준데이터 수종분류
A6,동로면 생달리 가로수길,36.800001,128.250001,36.800001,128.240001,문경시,70,segment,0.0,가로수길 표준데이터 수종분류
A6,창동 가로수길,36.620001,128.210001,36.630001,128.200001,문경시,58,segment,1.0,가로수길 표준데이터 수종분류
A6,불정동 가로수길,36.630001,128.140001,36.630001,128.130001,문경시,26,segment,1.0,가로수길 표준데이터 수종분류
A6,불정동 가로수길,36.630001,128.140001,36.630001,128.130001,문경시,26,segment,1.0,가로수길 표준데이터 수종분류
A6,불정동 가로수길,36.630001,128.150001,36.630001,128.150001,문경시,44,segment,1.0,가로수길 표준데이터 수종분류
A6,공평동 가로수길,36.610001,128.180001,36.610001,128.190001,문경시,38,segment,0.0,가로수길 표준데이터 수종분류
A6,문경읍 관음리 가로수길,36.810001,128.130001,36.810001,128.110001,문경시,50,segment,1.0,가로수길 표준데이터 수종분류
A6,산북면 종곡리 가로수길,36.702741,128.265851,36.706401,128.269191,문경시,48,segment,1.0,가로수길 표준데이터 수종분류
A6,가은읍 성저리 가로수길,36.616721,128.039041,36.614371,128.040471,문경시,40,segment,1.0,가로수길 표준데이터 수종분류
A6,동로면 여우목로 가로수길,36.794941,128.236551,36.795071,128.242881,문경시,73,segment,0.0,가로수길 표준데이터 수종분류
A6,호계면 막곡강변 가로수길,36.625681,128.205611,36.620951,128.208441,문경시,63,segment,1.0,가로수길 표준데이터 수종분류
A6,공평동 가로수길,36.600331,128.184431,36.599401,128.186611,문경시,30,segment,0.0,가로수길 표준데이터 수종분류
A6,공평동 가로수길,36.600331,128.184431,36.599401,128.186611,문경시,30,segment,1.0,가로수길 표준데이터 수종분류
A6,가은읍 왕능리 가로수길,36.635341,128.084121,36.637421,128.086901,문경시,78,segment,0.0,가로수길 표준데이터 수종분류
A6,문경읍 여우목로 가로수길,36.798111,128.221881,36.798481,128.218601,문경시,48,segment,1.0,가로수길 표준데이터 수종분류
A6,농암면 율수리 가로수길,36.581061,127.999161,36.576481,128.001201,문경시,65,segment,1.0,가로수길 표준데이터 수종분류
A6,영순면 포내리 가로수길,36.597981,128.211881,36.593721,128.212461,문경시,53,segment,1.0,가로수길 표준데이터 수종분류
A6,영순면 포내리 가로수길,36.597981,128.211881,36.593721,128.212461,문경시,18,segment,1.0,가로수길 표준데이터 수종분류
A6,가은읍 성저리 가로수길,36.627781,128.051431,36.627211,128.051171,문경시,18,segment,1.0,가로수길 표준데이터 수종분류
A6,농암면 율수리 가로수길,36.559325,127.990111,36.557901,127.986536,문경시,62,segment,1.0,가로수길 표준데이터 수종분류
A6,호계면 막곡리 가로수길,36.638109,128.212073,36.637028,128.209259,문경시,48,segment,1.0,가로수길 표준데이터 수종분류
A6,영순면 왕태리 가로수길,36.593632,128.276527,36.597605,128.273223,문경시,48,segment,1.0,가로수길 표준데이터 수종분류
A6,문경읍 당포리 가로수길,36.750167,128.157072,36.746435,128.176418,문경시,193,segment,1.0,가로수길 표준데이터 수종분류
A6,상신로 가로수길,36.595689,128.194715,36.595205,128.197288,문경시,17,segment,0.0,가로수길 표준데이터 수종분류
A6,마성면 신현리 가로수길,36.676881,128.121561,36.678032,128.120821,문경시,56,segment,1.0,가로수길 표준데이터 수종분류
A6,문경읍 각서리 가로수길,36.743788,128.070736,36.743028,128.078041,문경시,60,segment,1.0,가로수길 표준데이터 수종분류
A6,창리강변길 가로수길,36.628137,128.201982,36.643168,128.189994,문경시,60,segment,1.0,가로수길 표준데이터 수종분류
A6,문경읍 용연리 가로수길,36.780474,128.161092,36.776186,128.164142,문경시,60,segment,1.0,가로수길 표준데이터 수종분류
A6,영순면 왕태리 가로수길,36.597901,128.272771,36.599911,128.270374,문경시,48,segment,1.0,가로수길 표준데이터 수종분류
A6,마성면 하내리 가로수길,36.668721,128.099611,36.666019,128.098192,문경시,54,segment,0.0,가로수길 표준데이터 수종분류
A6,마성면 남호리 가로수길,36.708201,128.122354,36.695029,128.118948,문경시,200,segment,1.0,가로수길 표준데이터 수종분류
A6,봉곡로,36.140783,128.309657,36.155091,128.310808,구미시,185,segment,1.0,가로수길 표준데이터 수종분류
A6,봉곡북로,36.154627,128.304183,36.153994,128.314922,구미시,154,segment,1.0,가로수길 표준데이터 수종분류
A6,봉곡서로,36.150465,128.307059,36.158706,128.307755,구미시,174,segment,1.0,가로수길 표준데이터 수종분류
A6,신당4로,36.14816,128.42755,36.16136,128.43403,구미시,533,segment,0.5,가로수길 표준데이터 수종분류
A6,신당1로7길~신당3로3길,36.15426,128.4264,36.15918,128.42623,구미시,81,segment,1.0,가로수길 표준데이터 수종분류
A6,문성로,36.15775,128.34903,36.15553,128.34557,구미시,191,segment,1.0,가로수길 표준데이터 수종분류
A6,문성로1길,36.15433,128.34453,36.15374,128.34438,구미시,12,segment,1.0,가로수길 표준데이터 수종분류
A6,동평로,36.15454,128.35142,36.15374,128.34509,구미시,156,segment,1.0,가로수길 표준데이터 수종분류
A6,거의로,36.138278,128.410305,36.146468,128.404115,구미시,158,segment,1.0,가로수길 표준데이터 수종분류
A6,원평1구역,36.128406,128.337888,36.130014,128.338886,구미시,15,segment,1.0,가로수길 표준데이터 수종분류
A6,금오산로(대3-7),36.131591,128.336187,36.130068,128.338799,구미시,15,segment,1.0,가로수길 표준데이터 수종분류
A6,금오산로6길(중1-121),36.129627,128.334908,36.128411,128.337867,구미시,37,segment,1.0,가로수길 표준데이터 수종분류
A6,구미중앙로17길(중1-126),36.129618,128.3349,36.131603,128.33619,구미시,48,segment,1.0,가로수길 표준데이터 수종분류
A6,3호광장~대3-40(봉한911-11),36.154054,128.35107,36.154543,128.351614,구미시,18,segment,1.0,가로수길 표준데이터 수종분류
A6,동평로~문성로(대3-19),36.154565,128.351506,36.158277,128.349033,구미시,130,segment,1.0,가로수길 표준데이터 수종분류
A6,문성로(중1-127),36.154885,128.34824,36.153788,128.342846,구미시,124,segment,1.0,가로수길 표준데이터 수종분류
A6,강동로,36.112919,128.504889,36.275815,128.323823,구미시,3421,segment,0.5,가로수길 표준데이터 수종분류
A6,도리사로,36.221819,128.375001,36.246947,128.401365,구미시,528,segment,0.0,가로수길 표준데이터 수종분류
A6,동백로,36.168977,128.436009,36.176764,128.443225,구미시,91,segment,0.0,가로수길 표준데이터 수종분류
A6,도안로,36.299579,128.331071,36.331913,128.311226,구미시,501,segment,1.0,가로수길 표준데이터 수종분류
A6,웅곡길,36.252741,128.231534,36.270842,128.232745,구미시,293,segment,1.0,가로수길 표준데이터 수종분류
A6,도봉로,36.140171,128.314566,36.138591,128.317604,구미시,92,segment,0.0,가로수길 표준데이터 수종분류
A6,도봉로1길,36.140133,128.313456,36.141515,128.312266,구미시,33,segment,0.0,가로수길 표준데이터 수종분류
A6,도봉로3길,36.140171,128.314566,36.143115,128.313176,구미시,49,segment,0.0,가로수길 표준데이터 수종분류
A6,도봉로5길,36.141789,128.317257,36.139459,128.318066,구미시,172,segment,1.0,가로수길 표준데이터 수종분류
A6,송동로,36.137641,128.324171,36.151794,128.323056,구미시,351,segment,0.667,가로수길 표준데이터 수종분류
A6,문장로,36.135922,128.332311,36.153781,128.328704,구미시,549,segment,0.0,가로수길 표준데이터 수종분류
A6,들성로,36.151898,128.323088,36.162419,128.353492,구미시,504,segment,0.5,가로수길 표준데이터 수종분류
A6,야은로,36.150043,128.285917,36.123434,128.362868,구미시,766,segment,0.0,가로수길 표준데이터 수종분류
A6,야은로13길,36.140811,128.311973,36.142285,128.314003,구미시,25,segment,1.0,가로수길 표준데이터 수종분류
A6,신비로,36.123315,128.363066,36.120351,128.371698,구미시,122,segment,0.0,가로수길 표준데이터 수종분류
A6,비산로,36.119566,128.371876,36.119589,128.389042,구미시,107,segment,0.0,가로수길 표준데이터 수종분류
A6,칠성로,36.120571,128.359426,36.125639,128.357869,구미시,59,segment,0.0,가로수길 표준데이터 수종분류
A6,칠성로2길,36.121641,128.357412,36.122046,128.362711,구미시,65,segment,0.0,가로수길 표준데이터 수종분류
A6,왕산로,36.086751,128.361354,36.076697,128.378771,구미시,382,segment,0.5,가로수길 표준데이터 수종분류
A6,남구미로,36.083459,128.375821,36.083233,128.398632,구미시,215,segment,1.0,가로수길 표준데이터 수종분류
A6,낙동강변로,36.072466,128.373231,36.122537,128.385867,구미시,940,segment,1.0,가로수길 표준데이터 수종분류
A6,흥안로,36.147313,128.417832,36.147756,128.410059,구미시,127,segment,0.0,가로수길 표준데이터 수종분류
A6,검성로,36.111383,128.424168,36.118321,128.433976,구미시,201,segment,0.667,가로수길 표준데이터 수종분류
A6,여헌로,36.103217,128.423423,36.107364,128.425564,구미시,54,segment,1.0,가로수길 표준데이터 수종분류
A6,인동가산로,36.107134,128.417992,36.092474,128.449235,구미시,222,segment,0.5,가로수길 표준데이터 수종분류
A6,인동36~54길,36.092542,128.446756,36.094605,128.440816,구미시,693,segment,0.5,가로수길 표준데이터 수종분류
A6,구평남부초등학교,36.091566,128.436798,36.091271,128.440328,구미시,47,segment,0.0,가로수길 표준데이터 수종분류
A6,천생산길,36.092428,128.451629,36.093797,128.451167,구미시,32,segment,0.0,가로수길 표준데이터 수종분류
A6,이례로,36.205909,128.315855,36.207717,128.331694,구미시,140,segment,0.0,가로수길 표준데이터 수종분류
A6,조남로,36.238461,128.303016,36.236381,128.309677,구미시,154,segment,0.5,가로수길 표준데이터 수종분류
A6,선산단계주차장,36.240657,128.298529,36.246048,128.297545,구미시,143,segment,0.0,가로수길 표준데이터 수종분류
A6,단계동길,36.238978,128.301921,36.258812,128.289319,구미시,237,segment,0.0,가로수길 표준데이터 수종분류
A6,선산중앙로,36.242973,128.301209,36.242476,128.398108,구미시,96,segment,0.0,가로수길 표준데이터 수종분류
A6,선산중앙로7길,36.240253,128.295968,36.239799,128.293036,구미시,52,segment,0.0,가로수길 표준데이터 수종분류
A6,선산중앙로8길,36.240253,128.295968,36.240611,128.298518,구미시,32,segment,0.0,가로수길 표준데이터 수종분류
A6,봉곡남로,36.153343,128.304017,36.151898,128.323088,구미시,271,segment,1.0,가로수길 표준데이터 수종분류
A6,봉곡동로,36.150661,128.314099,36.156606,128.315149,구미시,88,segment,1.0,가로수길 표준데이터 수종분류
A6,해평 금호리,36.21818,128.36685,36.22108,128.37478,구미시,173,segment,0.0,가로수길 표준데이터 수종분류
A6,오태길,36.07282,128.3742,36.07332,128.35096,구미시,303,segment,0.0,가로수길 표준데이터 수종분류
A6,신당인덕1로,36.15461,128.43896,36.16441,128.44271,구미시,220,segment,1.0,가로수길 표준데이터 수종분류
A6,신당인덕1로1길~신당인덕2로2길,36.15577,128.43561,36.15772,128.43739,구미시,108,segment,1.0,가로수길 표준데이터 수종분류
A6,신당인덕2로,36.15793,128.43555,36.15798,128.43917,구미시,74,segment,0.0,가로수길 표준데이터 수종분류
A6,신당인덕3로,36.16136,128.43509,36.16135,128.43909,구미시,195,segment,0.0,가로수길 표준데이터 수종분류
A6,옥계신당로,36.14596,128.41937,36.14799,128.43018,구미시,283,segment,0.0,가로수길 표준데이터 수종분류
A6,옥계신당로5길,36.14561,128.4217,36.1401,128.42033,구미시,169,segment,1.0,가로수길 표준데이터 수종분류
A6,옥계신당로5안길,36.14255,128.41932,36.14312,128.42028,구미시,14,segment,1.0,가로수길 표준데이터 수종분류
A6,옥계신당로9길,36.14571,128.4241,36.14355,128.42407,구미시,89,segment,0.5,가로수길 표준데이터 수종분류
A6,신당1로,36.1542,128.43478,36.15403,128.42648,구미시,66,segment,0.5,가로수길 표준데이터 수종분류
A6,신당2로,36.15623,128.43463,36.15623,128.42646,구미시,71,segment,0.5,가로수길 표준데이터 수종분류
A6,신당3로,36.15795,128.4347,36.15784,128.42654,구미시,123,segment,0.5,가로수길 표준데이터 수종분류
A6,선산IC입구,36.237986,128.269085,36.241823,128.275659,구미시,250,segment,1.0,가로수길 표준데이터 수종분류
A6,도개다곡길,36.310961,128.336585,36.290191,128.350928,구미시,275,segment,1.0,가로수길 표준데이터 수종분류
A6,내고5길,36.22653,128.2842,36.22801,128.26519,구미시,100,segment,1.0,가로수길 표준데이터 수종분류
A6,횡산3길,36.19697,128.27888,36.19995,128.26965,구미시,196,segment,1.0,가로수길 표준데이터 수종분류
A6,대평6길,36.13801,128.35632,36.13844,128.36651,구미시,303,segment,1.0,가로수길 표준데이터 수종분류
A6,박록주로,36.20829,128.33194,36.21237,128.33196,구미시,115,segment,1.0,가로수길 표준데이터 수종분류
A6,신원대로,36.15446,128.32843,36.17227,128.32216,구미시,235,segment,0.0,가로수길 표준데이터 수종분류
A6,동산길,36.32114,128.32495,36.33839,128.33362,구미시,339,segment,1.0,가로수길 표준데이터 수종분류
A6,송평로,36.16269,128.35375,36.16945,128.36949,구미시,274,segment,0.5,가로수길 표준데이터 수종분류
A6,신곡길,36.308963,128.333277,36.323085,128.350236,구미시,250,segment,1.0,가로수길 표준데이터 수종분류
A6,성수문량길,36.15148,128.38725,36.16441,128.41648,구미시,786,segment,1.0,가로수길 표준데이터 수종분류
A6,문성로(중1-128),36.153629,128.344948,36.155167,128.34758,구미시,93,segment,1.0,가로수길 표준데이터 수종분류
A6,문성로1길(중3-151),36.154493,128.344546,36.153641,128.344356,구미시,12,segment,1.0,가로수길 표준데이터 수종분류
A6,들성로(대3-8),36.155134,128.332148,36.158055,128.338906,구미시,18,segment,1.0,가로수길 표준데이터 수종분류
A6,들성로~평성로(중1-146),36.156368,128.335063,36.152391,128.336748,구미시,77,segment,1.0,가로수길 표준데이터 수종분류
A6,평성로5길(중3-256),36.156158,128.339391,36.154789,128.336098,구미시,33,segment,1.0,가로수길 표준데이터 수종분류
A6,문성9길(소2-124),36.161383,128.351271,36.160781,128.350514,구미시,10,segment,1.0,가로수길 표준데이터 수종분류
A6,동교길,36.243231,128.303473,36.248759,128.304224,구미시,78,segment,0.5,가로수길 표준데이터 수종분류
A6,교리길,36.248748,128.305071,36.251318,128.300739,구미시,40,segment,0.5,가로수길 표준데이터 수종분류
A6,교리2길,36.250207,128.302423,36.250843,128.306135,구미시,68,segment,0.5,가로수길 표준데이터 수종분류
A6,선상동로,36.275815,128.323823,36.360565,128.298067,구미시,1068,segment,0.5,가로수길 표준데이터 수종분류
A6,선상서로,36.239021,128.290724,36.241329,128.275534,구미시,1021,segment,0.667,가로수길 표준데이터 수종분류
A6,선상서로14길,36.239021,128.290724,36.239753,128.292833,구미시,40,segment,0.5,가로수길 표준데이터 수종분류
A6,산촌옥관로,36.304249,128.217191,36.343191,128.274407,구미시,1146,segment,1.0,가로수길 표준데이터 수종분류
A6,구미중앙로45길,36.119502,128.359449,36.123737,128.358737,구미시,33,segment,0.0,가로수길 표준데이터 수종분류
A6,원평공용주차장,36.126903,128.337681,36.128897,128.340636,구미시,46,segment,0.0,가로수길 표준데이터 수종분류
A6,금오산로,36.125361,128.335543,36.110605,128.313445,구미시,402,segment,0.333,가로수길 표준데이터 수종분류
A6,금오산로22길,36.124321,128.328788,36.127628,128.330288,구미시,70,segment,0.0,가로수길 표준데이터 수종분류
A6,산책길,36.123479,128.334942,36.110605,128.313445,구미시,132,segment,1.0,가로수길 표준데이터 수종분류
A6,백산로,36.122224,128.339056,36.114346,128.350527,구미시,339,segment,0.0,가로수길 표준데이터 수종분류
A6,송원동로,36.118456,128.346622,36.122641,128.352096,구미시,77,segment,0.5,가로수길 표준데이터 수종분류
A6,송원서로,36.118433,128.343155,36.125994,128.343977,구미시,72,segment,1.0,가로수길 표준데이터 수종분류
A6,신시로,36.116036,128.338742,36.125361,128.335543,구미시,252,segment,0.5,가로수길 표준데이터 수종분류
A6,신시로10길,36.114471,128.340566,36.113191,128.354293,구미시,250,segment,0.0,가로수길 표준데이터 수종분류
A6,"신시로14길, 16길",36.115765,128.339937,36.114261,128.354472,구미시,379,segment,0.0,가로수길 표준데이터 수종분류
A6,형곡동로,36.101203,128.335951,36.110473,128.337126,구미시,145,segment,0.0,가로수길 표준데이터 수종분류
A6,형곡로,36.116041,128.338621,36.110068,128.437331,구미시,415,segment,0.0,가로수길 표준데이터 수종분류
A6,형곡서로,36.101361,128.334633,36.110028,128.335161,구미시,139,segment,0.0,가로수길 표준데이터 수종분류
A6,형곡중앙로,36.113172,128.333133,36.112686,128.339398,구미시,95,segment,0.0,가로수길 표준데이터 수종분류
A6,새마을로,36.112088,128.339259,36.103916,128.657046,구미시,1057,segment,0.5,가로수길 표준데이터 수종분류
A6,새마을로5길,36.10268,128.35573,36.10344,128.35433,구미시,65,segment,0.5,가로수길 표준데이터 수종분류
A6,새마을로2길,36.1055,128.35339,36.10526,128.3532,구미시,6,segment,1.0,가로수길 표준데이터 수종분류
A6,박정희로,36.078578,128.355424,36.124974,128.337068,구미시,1252,segment,0.5,가로수길 표준데이터 수종분류
A6,화신로,36.102825,128.359332,36.120877,128.351178,구미시,216,segment,0.5,가로수길 표준데이터 수종분류
A6,산업로,36.132391,128.323438,36.120859,128.355162,구미시,363,segment,0.0,가로수길 표준데이터 수종분류
A6,원남로,36.130785,128.322004,36.125118,128.335791,구미시,30,segment,0.0,가로수길 표준데이터 수종분류
A6,선기로,36.132391,128.323438,36.133362,128.299052,구미시,418,segment,0.5,가로수길 표준데이터 수종분류
A6,송선로,36.154841,128.274762,36.132391,128.323438,구미시,289,segment,1.0,가로수길 표준데이터 수종분류
A6,상림로,36.086359,128.360541,36.102033,128.362996,구미시,287,segment,1.0,가로수길 표준데이터 수종분류
A6,상모로,36.088601,128.350166,36.090856,128.359351,구미시,77,segment,1.0,가로수길 표준데이터 수종분류
A6,상사동로,36.084893,128.359902,36.102282,128.359068,구미시,332,segment,0.333,가로수길 표준데이터 수종분류
A6,상사동로12길,36.091296,128.357247,36.090856,128.359351,구미시,31,segment,0.0,가로수길 표준데이터 수종분류
A6,상사동로22길,36.098581,128.358949,36.098303,128.361055,구미시,38,segment,1.0,가로수길 표준데이터 수종분류
A6,상사동로28길,36.088061,128.355849,36.088236,128.358139,구미시,35,segment,1.0,가로수길 표준데이터 수종분류
A6,상사서로,36.083462,128.357191,36.103756,128.357371,구미시,349,segment,0.0,가로수길 표준데이터 수종분류
A6,상사서로4길,36.087348,128.356429,36.087765,128.358658,구미시,52,segment,1.0,가로수길 표준데이터 수종분류
A6,상사서로12길,36.092599,128.355537,36.091499,128.358827,구미시,50,segment,0.0,가로수길 표준데이터 수종분류
A6,상사서로22길,36.098639,128.357603,36.098586,128.358871,구미시,23,segment,1.0,가로수길 표준데이터 수종분류
A6,지산교차로~농산물도매시장,36.130193,128.344094,36.159329,128.352498,구미시,425,segment,1.0,가로수길 표준데이터 수종분류
A6,지산교차로~신평교,36.130278,128.344073,36.126633,128.356653,구미시,47,segment,1.0,가로수길 표준데이터 수종분류
A6,산호대교~옥계동,36.124877,128.387353,36.136262,128.410307,구미시,140,segment,1.0,가로수길 표준데이터 수종분류
A6,산호대로45길,36.138402,128.444664,36.140509,128.443922,구미시,27,segment,1.0,가로수길 표준데이터 수종분류
A6,거양길,36.137719,128.414941,36.138543,128.411376,구미시,60,segment,0.0,가로수길 표준데이터 수종분류
A6,선산대로,36.129509,128.343749,36.261793,128.314058,구미시,675,segment,0.667,가로수길 표준데이터 수종분류
A6,황들길,36.210823,128.327729,36.206608,128.324221,구미시,174,segment,0.0,가로수길 표준데이터 수종분류
A6,농공단지길,36.213031,128.324884,36.217315,128.325629,구미시,31,segment,0.0,가로수길 표준데이터 수종분류
A6,송정대로,36.116277,128.339176,36.119986,128.356168,구미시,335,segment,0.0,가로수길 표준데이터 수종분류
A6,수출대로,36.111136,128.364197,36.110716,128.427669,구미시,654,segment,0.333,가로수길 표준데이터 수종분류
A6,수출대로1길,36.110821,128.366431,36.118356,128.368278,구미시,118,segment,0.0,가로수길 표준데이터 수종분류
A6,수출대로3길,36.110909,128.371898,36.118492,128.373445,구미시,41,segment,1.0,가로수길 표준데이터 수종분류
A6,수출대로7길,36.111076,128.377492,36.119517,128.377413,구미시,58,segment,1.0,가로수길 표준데이터 수종분류
A6,1공단로,36.102782,128.363753,36.100466,128.391031,구미시,360,segment,0.333,가로수길 표준데이터 수종분류
A6,1공단로3길,36.101992,128.366451,36.110821,128.366431,구미시,131,segment,0.0,가로수길 표준데이터 수종분류
A6,1공단로4길,36.101982,128.370316,36.089271,128.369263,구미시,270,segment,0.333,가로수길 표준데이터 수종분류
A6,1공단로6길,36.100534,128.374426,36.083671,128.377048,구미시,306,segment,0.0,가로수길 표준데이터 수종분류
A6,1공단로9길,36.102933,128.382731,36.108872,128.384185,구미시,162,segment,0.0,가로수길 표준데이터 수종분류
A6,3공단1로,36.092399,128.403268,36.111691,128.400779,구미시,156,segment,0.0,가로수길 표준데이터 수종분류
A6,3공단2로,36.083347,128.406324,36.110987,128.406159,구미시,937,segment,0.0,가로수길 표준데이터 수종분류
A6,3공단3로,36.080497,128.410708,36.094387,128.412438,구미시,724,segment,0.0,가로수길 표준데이터 수종분류
A6,이계북로,36.105267,128.402305,36.106021,128.418671,구미시,434,segment,0.5,가로수길 표준데이터 수종분류
A6,이계남로,36.105267,128.402305,36.105953,128.419704,구미시,219,segment,0.0,가로수길 표준데이터 수종분류
A6,4공단로,36.134162,128.417106,36.130103,128.457021,구미시,836,segment,0.0,가로수길 표준데이터 수종분류
A6,4공단로7길,36.134904,128.429525,36.137211,128.448067,구미시,294,segment,0.0,가로수길 표준데이터 수종분류
A6,4공단로10길,36.132866,128.444483,36.128371,128.443622,구미시,83,segment,0.0,가로수길 표준데이터 수종분류
A6,첨단기업로,36.133985,128.448977,36.151195,128.447996,구미시,402,segment,0.0,가로수길 표준데이터 수종분류
A6,첨단기업1로,36.140062,128.435974,36.140858,128.447442,구미시,197,segment,0.333,가로수길 표준데이터 수종분류
A6,첨단기업2로,36.140799,128.448072,36.141299,128.453656,구미시,52,segment,0.0,가로수길 표준데이터 수종분류
A6,첨단기업3로,36.141841,128.439982,36.143306,128.446987,구미시,221,segment,0.0,가로수길 표준데이터 수종분류
A6,첨단기업4로,36.142544,128.448707,36.143151,128.454068,구미시,63,segment,0.0,가로수길 표준데이터 수종분류
A6,첨단기업5로,36.147724,128.430624,36.147822,128.448001,구미시,690,segment,0.0,가로수길 표준데이터 수종분류
A6,첨단기업7로,36.151121,128.433051,36.151157,128.447958,구미시,163,segment,0.0,가로수길 표준데이터 수종분류
A6,해마루공원로,36.133301,128.428911,36.154072,128.435086,구미시,449,segment,0.0,가로수길 표준데이터 수종분류
A6,해마루공원로,36.147907,128.430537,36.164877,128.43472,구미시,271,segment,1.0,가로수길 표준데이터 수종분류
A6,옥계2공단로,36.110903,128.417441,36.147214,128.418521,구미시,603,segment,0.0,가로수길 표준데이터 수종분류
A6,옥계남로,36.135483,128.417248,36.136301,128.425275,구미시,159,segment,1.0,가로수길 표준데이터 수종분류
A6,옥계북로,36.138414,128.418531,36.139037,128.427741,구미시,466,segment,1.0,가로수길 표준데이터 수종분류
A6,구미중앙로,36.132378,128.323464,36.118854,128.362618,구미시,480,segment,0.0,가로수길 표준데이터 수종분류
A6,구미대로,36.086722,128.361282,36.123435,128.362869,구미시,812,segment,0.333,가로수길 표준데이터 수종분류
A6,구미대로 30길,36.117772,128.362639,36.118492,128.373445,구미시,36,segment,1.0,가로수길 표준데이터 수종분류
A6,금오대로,36.070873,128.348511,36.086722,128.361282,구미시,242,segment,0.0,가로수길 표준데이터 수종분류
A6,산호대로,36.083575,128.389847,36.138013,128.451643,구미시,2604,segment,0.429,가로수길 표준데이터 수종분류
A6,대학로,36.136446,128.398603,36.141185,128.395483,구미시,145,segment,1.0,가로수길 표준데이터 수종분류
A6,산호대로21길,36.137791,128.413005,36.138543,128.411376,구미시,21,segment,0.0,가로수길 표준데이터 수종분류
A6,산호대로23길,36.137719,128.414941,36.138754,128.417109,구미시,77,segment,0.0,가로수길 표준데이터 수종분류
A6,산호대로24길,36.138754,128.417109,36.135583,128.417078,구미시,98,segment,0.0,가로수길 표준데이터 수종분류
A6,산호대로25길,36.137719,128.414941,36.142037,128.417238,구미시,126,segment,1.0,가로수길 표준데이터 수종분류
A6,산호대로29길,36.136596,128.419763,36.138271,128.419866,구미시,52,segment,0.0,가로수길 표준데이터 수종분류
A6,"산호대로31,32길",36.135015,128.421887,36.138024,128.422098,구미시,46,segment,1.0,가로수길 표준데이터 수종분류
A6,산호대로35길,36.136986,128.425782,36.138161,128.425271,구미시,33,segment,1.0,가로수길 표준데이터 수종분류
A6,산호대로41길,36.141841,128.439982,36.141841,128.439982,구미시,40,segment,1.0,가로수길 표준데이터 수종분류
A6,산호대로43길,36.139875,128.443963,36.139823,128.438817,구미시,118,segment,1.0,가로수길 표준데이터 수종분류
A6,교리하의가로수길,36.401841,129.115137,36.382673,129.126564,청송군,683,segment,1.0,가로수길 표준데이터 수종분류
A6,청운하의가로수길,36.393576,129.070862,36.335967,129.204917,청송군,1575,segment,0.5,가로수길 표준데이터 수종분류
A6,내룡항리가로수길,36.319081,129.213079,36.329999,129.253577,청송군,330,segment,1.0,가로수길 표준데이터 수종분류
A6,상평이전가로수길,36.367046,129.074664,36.356203,129.157853,청송군,477,segment,0.0,가로수길 표준데이터 수종분류
A6,도평명당가로수길,36.294587,129.016121,36.303457,128.950621,청송군,497,segment,0.5,가로수길 표준데이터 수종분류
A6,문거덕계가로수길,36.284186,129.003635,36.290311,128.908812,청송군,617,segment,0.0,가로수길 표준데이터 수종분류
A6,구산천천가로수길,36.272535,128.898066,36.243099,128.900984,청송군,364,segment,0.0,가로수길 표준데이터 수종분류
A6,월막송생가로수길,36.435689,129.052985,36.387778,129.086754,청송군,1071,segment,0.5,가로수길 표준데이터 수종분류
A6,감은가로수길,36.294406,128.949111,36.302861,128.948134,청송군,76,segment,1.0,가로수길 표준데이터 수종분류
A6,신성고와가로수길,36.318964,128.988543,36.327437,128.987734,청송군,93,segment,1.0,가로수길 표준데이터 수종분류
A6,지소고와가로수길,36.350529,128.994739,36.367159,128.975312,청송군,552,segment,1.0,가로수길 표준데이터 수종분류
A6,덕리관리가로수길,36.439073,129.044606,36.440922,129.036418,청송군,82,segment,0.0,가로수길 표준데이터 수종분류
A6,덕천신흥가로수길,36.433783,129.028027,36.407395,129.017691,청송군,370,segment,1.0,가로수길 표준데이터 수종분류
